model,delta,tau_loglik_loss,objective,attained_value,g01,g12,sum,loglik,fixed_reference_loglik,actual_maximum_drift,weighted_average_drift,minimum_middle_state_mass,minimum_parameter,near_boundary_count,status,global_certificate
hmm3,0,2.0,g01_min,0.046700299007576745,0.046700299007576745,0.0230093777222171,0.06970967672979385,-10304.952414085097,-10303.05290322578,0.0,0.0,0.15349722379959208,0.0009796128288479269,0,locally_searched_attained_extreme,False
hmm3,0,2.0,g01_max,0.05479777588761213,0.05479777588761213,0.02638332575732556,0.08118110164493769,-10304.938979973256,-10303.05290322578,0.0,0.0,0.15550638218999374,0.0009798564246221138,0,locally_searched_attained_extreme,False
hmm3,0,2.0,g12_min,0.01931640311305312,0.04970029900757675,0.01931640311305312,0.06901670212062987,-10304.915291044565,-10303.05290322578,0.0,0.0,0.15416389046625875,0.0,1,locally_searched_attained_extreme,False
hmm3,0,2.0,g12_max,0.027005351286085534,0.05479777588761213,0.027005351286085534,0.08180312717369767,-10305.020299308802,-10303.05290322578,0.0,0.0,0.15550638218999374,0.0009798564246221138,0,locally_searched_attained_extreme,False
hmm3,0,2.0,sum_min,0.0672147488760853,0.045700299007576745,0.02151444986850857,0.0672147488760853,-10304.990763497775,-10303.05290322578,0.0,0.0,0.15316389046625875,0.00021400413093293838,0,locally_searched_attained_extreme,False
hmm3,0,2.0,sum_max,0.08180312717369767,0.05479777588761213,0.027005351286085534,0.08180312717369767,-10305.020299308802,-10303.05290322578,0.0,0.0,0.15550638218999374,0.0009798564246221138,0,locally_searched_attained_extreme,False
hmm3,0,10.0,g01_min,0.039700299007576746,0.039700299007576746,0.019080860438452644,0.05878115944602939,-10312.027444494843,-10303.05290322578,0.0,0.0,0.15149722379959207,0.0,2,locally_searched_attained_extreme,False
hmm3,0,10.0,g01_max,0.060797775887612135,0.060797775887612135,0.030005203350239793,0.09080297923785192,-10312.623378459135,-10303.05290322578,0.0,0.0,0.15550638218999374,0.0009798564246221138,0,locally_searched_attained_extreme,False
hmm3,0,10.0,g12_min,0.016983935529572045,0.044700299007576744,0.016983935529572045,0.06168423453714879,-10312.886522557226,-10303.05290322578,0.0,0.0,0.14649722379959204,0.0,2,locally_searched_attained_extreme,False
hmm3,0,10.0,g12_max,0.033869760565028946,0.05779777588761213,0.033869760565028946,0.09166753645264109,-10312.363188740372,-10303.05290322578,0.0,0.0,0.15850638218999374,0.0009798564246221138,0,locally_searched_attained_extreme,False
hmm3,0,10.0,sum_min,0.05670875816465138,0.038700299007576745,0.018008459157074636,0.05670875816465138,-10312.971134250762,-10303.05290322578,0.0,0.0,0.15049722379959207,0.0,2,locally_searched_attained_extreme,False
hmm3,0,10.0,sum_max,0.0922713433846665,0.05779777588761213,0.03447356749705436,0.0922713433846665,-10313.026976198464,-10303.05290322578,0.0,0.0,0.15950638218999375,0.0009798564246221138,0,locally_searched_attained_extreme,False
hmm3,0.01,2.0,g01_min,0.045700299007576745,0.045700299007576745,0.02151444986850857,0.0672147488760853,-10304.990763497775,-10303.05290322578,0.0,0.0,0.15316389046625875,0.00021400413093293838,0,locally_searched_attained_extreme,False
hmm3,0.01,2.0,g01_max,0.05479777588761213,0.05479777588761213,0.02638332575732556,0.08118110164493769,-10304.938979973256,-10303.05290322578,0.0,0.0,0.15550638218999374,0.0009798564246221138,0,locally_searched_attained_extreme,False
hmm3,0.01,2.0,g12_min,0.01921786522673167,0.05070029900757674,0.01921786522673167,0.06991816423430841,-10304.97786565696,-10303.05290322578,0.0,0.0,0.15316389046625875,0.0,1,locally_searched_attained_extreme,False
hmm3,0.01,2.0,g12_max,0.0272712933895767,0.05379777588761213,0.0272712933895767,0.08106906927718882,-10304.92484487495,-10303.05290322578,0.0,0.0,0.15650638218999374,0.0009798564246221138,0,locally_searched_attained_extreme,False
hmm3,0.01,2.0,sum_min,0.0672147488760853,0.045700299007576745,0.02151444986850857,0.0672147488760853,-10304.990763497775,-10303.05290322578,0.0,0.0,0.15316389046625875,0.00021400413093293838,0,locally_searched_attained_extreme,False
hmm3,0.01,2.0,sum_max,0.0819124149591531,0.05479777588761213,0.027114639071540964,0.0819124149591531,-10305.035013652327,-10303.05290322578,0.0,0.0,0.15650638218999374,0.0009798564246221138,0,locally_searched_attained_extreme,False
hmm3,0.01,10.0,g01_min,0.038700299007576745,0.038700299007576745,0.018008459157074636,0.05670875816465138,-10312.971134250762,-10303.05290322578,0.0,0.0,0.15049722379959207,0.0,2,locally_searched_attained_extreme,False
hmm3,0.01,10.0,g01_max,0.060797775887612135,0.060797775887612135,0.030005203350239793,0.09080297923785192,-10312.623378459135,-10303.05290322578,0.0,0.0,0.15550638218999374,0.0009798564246221138,0,locally_searched_attained_extreme,False
hmm3,0.01,10.0,g12_min,0.016739900419451,0.045700299007576745,0.016739900419451,0.06244019942702775,-10312.827411137634,-10303.05290322578,0.0,0.0,0.14549722379959204,0.0,2,locally_searched_attained_extreme,False
hmm3,0.01,10.0,g12_max,0.03463322181509009,0.05679777588761214,0.03463322181509009,0.09143099770270223,-10312.471880128662,-10303.05290322578,0.0,0.0,0.15950638218999375,0.0009798564246221138,0,locally_searched_attained_extreme,False
hmm3,0.01,10.0,sum_min,0.056558260940851784,0.038700299007576745,0.01785796193327504,0.056558260940851784,-10313.020621638172,-10303.05290322578,0.0,0.0,0.15049722379959207,0.0,2,locally_searched_attained_extreme,False
hmm3,0.01,10.0,sum_max,0.0922713433846665,0.05779777588761213,0.03447356749705436,0.0922713433846665,-10313.026976198464,-10303.05290322578,0.0,0.0,0.15950638218999375,0.0009798564246221138,0,locally_searched_attained_extreme,False
hmm3,0.025,2.0,g01_min,0.031089513736590434,0.031089513736590434,0.01756723563902454,0.04865674937561497,-10304.756425688956,-10303.05290322578,0.025000000000000022,0.01717913889933008,0.1520616513133963,0.0,3,locally_searched_attained_extreme,False
hmm3,0.025,2.0,g01_max,0.05479777588761213,0.05479777588761213,0.02638332575732556,0.08118110164493769,-10304.938979973256,-10303.05290322578,0.0,0.0,0.15550638218999374,0.0009798564246221138,0,locally_searched_attained_extreme,False
hmm3,0.025,2.0,g12_min,0.016891238256522847,0.032089513736590435,0.016891238256522847,0.04898075199311328,-10304.848542830314,-10303.05290322578,0.025000000000000022,0.017164548904790244,0.1510616513133963,0.0,3,locally_searched_attained_extreme,False
hmm3,0.025,2.0,g12_max,0.027539087557222123,0.05279777588761213,0.027539087557222123,0.08033686344483425,-10304.83352374386,-10303.05290322578,0.0,0.0,0.15750638218999374,0.0009798564246221138,0,locally_searched_attained_extreme,False
hmm3,0.025,2.0,sum_min,0.04783032661728597,0.031089513736590434,0.016740812880695538,0.04783032661728597,-10304.639973322955,-10303.05290322578,0.025000000000000022,0.017154288877201693,0.1490616513133963,0.0,2,locally_searched_attained_extreme,False
hmm3,0.025,2.0,sum_max,0.0819124149591531,0.05479777588761213,0.027114639071540964,0.0819124149591531,-10305.035013652327,-10303.05290322578,0.0,0.0,0.15650638218999374,0.0009798564246221138,0,locally_searched_attained_extreme,False
hmm3,0.025,10.0,g01_min,0.02708951373659043,0.02708951373659043,0.01512215852166798,0.042211672258258406,-10312.037121949972,-10303.05290322578,0.025000000000000022,0.01713969888266186,0.1480616513133963,0.0,3,locally_searched_attained_extreme,False
hmm3,0.025,10.0,g01_max,0.060797775887612135,0.060797775887612135,0.030005203350239793,0.09080297923785192,-10312.623378459135,-10303.05290322578,0.0,0.0,0.15550638218999374,0.0009798564246221138,0,locally_searched_attained_extreme,False
hmm3,0.025,10.0,g12_min,0.01337105498139331,0.030089513736590433,0.01337105498139331,0.04346056871798375,-10311.674385630844,-10303.05290322578,0.025000000000000022,0.01712943885507331,0.1460616513133963,0.0,2,locally_searched_attained_extreme,False
hmm3,0.025,10.0,g12_max,0.03499909458530158,0.05679777588761214,0.03499909458530158,0.09179687047291371,-10312.8145690964,-10303.05290322578,0.0,0.0,0.15950638218999375,0.0009798564246221138,0,locally_searched_attained_extreme,False
hmm3,0.025,10.0,sum_min,0.04073105574512445,0.02708951373659043,0.013641542008534017,0.04073105574512445,-10313.030114139265,-10303.05290322578,0.025000000000000022,0.01713969888266186,0.1480616513133963,0.0,3,locally_searched_attained_extreme,False
hmm3,0.025,10.0,sum_max,0.0922713433846665,0.05779777588761213,0.03447356749705436,0.0922713433846665,-10313.026976198464,-10303.05290322578,0.0,0.0,0.15950638218999375,0.0009798564246221138,0,locally_searched_attained_extreme,False
hmm3,0.05,2.0,g01_min,0.031089513736590434,0.031089513736590434,0.01756723563902454,0.04865674937561497,-10304.756425688956,-10303.05290322578,0.025000000000000022,0.01717913889933008,0.1520616513133963,0.0,3,locally_searched_attained_extreme,False
hmm3,0.05,2.0,g01_max,0.05479777588761213,0.05479777588761213,0.02638332575732556,0.08118110164493769,-10304.938979973256,-10303.05290322578,0.0,0.0,0.15550638218999374,0.0009798564246221138,0,locally_searched_attained_extreme,False
hmm3,0.05,2.0,g12_min,0.010577177397231966,0.029643896837295576,0.010577177397231966,0.040221074234527546,-10304.958219433061,-10303.05290322578,0.05,0.016086727540820366,0.1470665953603045,0.0,2,locally_searched_attained_extreme,False
hmm3,0.05,2.0,g12_max,0.028011606703792102,0.05279777588761213,0.028011606703792102,0.08080938259140423,-10304.973635477254,-10303.05290322578,0.0,0.0,0.15750638218999374,0.0009798564246221138,0,locally_searched_attained_extreme,False
hmm3,0.05,2.0,sum_min,0.04021999898445271,0.029643896837295576,0.01057610214715713,0.04021999898445271,-10305.013439782206,-10303.05290322578,0.05,0.016089952246859555,0.1470665953603045,0.0,2,locally_searched_attained_extreme,False
hmm3,0.05,2.0,sum_max,0.0819124149591531,0.05479777588761213,0.027114639071540964,0.0819124149591531,-10305.035013652327,-10303.05290322578,0.0,0.0,0.15650638218999374,0.0009798564246221138,0,locally_searched_attained_extreme,False
hmm3,0.05,10.0,g01_min,0.02708951373659043,0.02708951373659043,0.01512215852166798,0.042211672258258406,-10312.037121949972,-10303.05290322578,0.025000000000000022,0.01713969888266186,0.1480616513133963,0.0,3,locally_searched_attained_extreme,False
hmm3,0.05,10.0,g01_max,0.060797775887612135,0.060797775887612135,0.030005203350239793,0.09080297923785192,-10312.623378459135,-10303.05290322578,0.0,0.0,0.15550638218999374,0.0009798564246221138,0,locally_searched_attained_extreme,False
hmm3,0.05,10.0,g12_min,0.007083673446228634,0.029643896837295576,0.007083673446228634,0.03672757028352421,-10312.955499910366,-10303.05290322578,0.05,0.015670757191917642,0.1370665953603045,0.0,3,locally_searched_attained_extreme,False
hmm3,0.05,10.0,g12_max,0.03515860096749157,0.05679777588761214,0.03515860096749157,0.09195637685510372,-10313.002731914392,-10303.05290322578,0.0,0.0,0.15950638218999375,0.0009798564246221138,0,locally_searched_attained_extreme,False
hmm3,0.05,10.0,sum_min,0.03273383711946244,0.025643896837295573,0.007089940282166866,0.03273383711946244,-10312.25632821625,-10303.05290322578,0.05,0.015789098884510088,0.1400665953603045,0.0,3,locally_searched_attained_extreme,False
hmm3,0.05,10.0,sum_max,0.09239977910596767,0.05779777588761214,0.03460200321835553,0.09239977910596767,-10313.019370311424,-10303.05290322578,0.0,0.0,0.16050638218999375,0.0009798564246221138,0,locally_searched_attained_extreme,False
hmm3,0.075,2.0,g01_min,0.01938865165350796,0.01938865165350796,0.008589767549430421,0.02797841920293838,-10304.908364813862,-10303.05290322578,0.07500000000000002,0.024338928353292648,0.15440045929877258,0.0,3,locally_searched_attained_extreme,False
hmm3,0.075,2.0,g01_max,0.05479777588761213,0.05479777588761213,0.02638332575732556,0.08118110164493769,-10304.938979973256,-10303.05290322578,0.0,0.0,0.15550638218999374,0.0009798564246221138,0,locally_searched_attained_extreme,False
hmm3,0.075,2.0,g12_min,0.008027781700875885,0.01838865165350796,0.008027781700875885,0.026416433354383845,-10304.941998751729,-10303.05290322578,0.07500000000000002,0.02425718799535424,0.15306712596543923,0.0,4,locally_searched_attained_extreme,False
hmm3,0.075,2.0,g12_max,0.0281691130859821,0.05279777588761213,0.0281691130859821,0.08096688897359422,-10305.041954952385,-10303.05290322578,0.0,0.0,0.15750638218999374,0.0009798564246221138,0,locally_searched_attained_extreme,False
hmm3,0.075,2.0,sum_min,0.02495854484442169,0.017388651653507958,0.007569893190913734,0.02495854484442169,-10304.9790520468,-10303.05290322578,0.07500000000000002,0.024252820051046002,0.15306712596543923,0.0,4,locally_searched_attained_extreme,False
hmm3,0.075,2.0,sum_max,0.0819124149591531,0.05479777588761213,0.027114639071540964,0.0819124149591531,-10305.035013652327,-10303.05290322578,0.0,0.0,0.15650638218999374,0.0009798564246221138,0,locally_searched_attained_extreme,False
hmm3,0.075,10.0,g01_min,0.0,0.0,0.0,0.0,-10312.724631562156,-10303.05290322578,0.07499999999999996,0.03518762640208365,0.15370001141611875,0.0,12,locally_searched_attained_extreme,False
hmm3,0.075,10.0,g01_max,0.060797775887612135,0.060797775887612135,0.030005203350239793,0.09080297923785192,-10312.623378459135,-10303.05290322578,0.0,0.0,0.15550638218999374,0.0009798564246221138,0,locally_searched_attained_extreme,False
hmm3,0.075,10.0,g12_min,0.0,0.0,0.0,0.0,-10312.724631562156,-10303.05290322578,0.07499999999999996,0.03518762640208365,0.15370001141611875,0.0,12,locally_searched_attained_extreme,False
hmm3,0.075,10.0,g12_max,0.03515974890333731,0.05579777588761214,0.03515974890333731,0.09095752479094946,-10312.771016065542,-10303.05290322578,0.0,0.0,0.15950638218999375,0.0009798564246221138,0,locally_searched_attained_extreme,False
hmm3,0.075,10.0,sum_min,0.0,0.0,0.0,0.0,-10312.724631562156,-10303.05290322578,0.07499999999999996,0.03518762640208365,0.15370001141611875,0.0,12,locally_searched_attained_extreme,False
hmm3,0.075,10.0,sum_max,0.09239977910596767,0.05779777588761214,0.03460200321835553,0.09239977910596767,-10313.019370311424,-10303.05290322578,0.0,0.0,0.16050638218999375,0.0009798564246221138,0,locally_searched_attained_extreme,False
hmm3,0.1,2.0,g01_min,0.0,0.0,0.0,0.0,-10303.76158555001,-10303.05290322578,0.09999999999999999,0.03939177662226484,0.1535612074079824,0.0,12,locally_searched_attained_extreme,False
hmm3,0.1,2.0,g01_max,0.05479777588761213,0.05479777588761213,0.02638332575732556,0.08118110164493769,-10304.938979973256,-10303.05290322578,0.0,0.0,0.15550638218999374,0.0009798564246221138,0,locally_searched_attained_extreme,False
hmm3,0.1,2.0,g12_min,0.0,0.0,0.0,0.0,-10303.76158555001,-10303.05290322578,0.09999999999999999,0.03939177662226484,0.1535612074079824,0.0,12,locally_searched_attained_extreme,False
hmm3,0.1,2.0,g12_max,0.0281691130859821,0.05279777588761213,0.0281691130859821,0.08096688897359422,-10305.041954952385,-10303.05290322578,0.0,0.0,0.15750638218999374,0.0009798564246221138,0,locally_searched_attained_extreme,False
hmm3,0.1,2.0,sum_min,0.0,0.0,0.0,0.0,-10303.76158555001,-10303.05290322578,0.09999999999999999,0.03939177662226484,0.1535612074079824,0.0,12,locally_searched_attained_extreme,False
hmm3,0.1,2.0,sum_max,0.08191256289499883,0.05479777588761213,0.027114787007386704,0.08191256289499883,-10305.045796962184,-10303.05290322578,0.0,0.0,0.15650638218999374,0.0009798564246221138,0,locally_searched_attained_extreme,False
hmm3,0.1,10.0,g01_min,0.0,0.0,0.0,0.0,-10303.76158555001,-10303.05290322578,0.09999999999999999,0.03939177662226484,0.1535612074079824,0.0,12,locally_searched_attained_extreme,False
hmm3,0.1,10.0,g01_max,0.060797775887612135,0.060797775887612135,0.030005203350239793,0.09080297923785192,-10312.623378459135,-10303.05290322578,0.0,0.0,0.15550638218999374,0.0009798564246221138,0,locally_searched_attained_extreme,False
hmm3,0.1,10.0,g12_min,0.0,0.0,0.0,0.0,-10303.76158555001,-10303.05290322578,0.09999999999999999,0.03939177662226484,0.1535612074079824,0.0,12,locally_searched_attained_extreme,False
hmm3,0.1,10.0,g12_max,0.03531925528552731,0.05579777588761214,0.03531925528552731,0.09111703117313945,-10312.965858028685,-10303.05290322578,0.0,0.0,0.15950638218999375,0.0009798564246221138,0,locally_searched_attained_extreme,False
hmm3,0.1,10.0,sum_min,0.0,0.0,0.0,0.0,-10303.76158555001,-10303.05290322578,0.09999999999999999,0.03939177662226484,0.1535612074079824,0.0,12,locally_searched_attained_extreme,False
hmm3,0.1,10.0,sum_max,0.09239977910596767,0.05779777588761214,0.03460200321835553,0.09239977910596767,-10313.019370311424,-10303.05290322578,0.0,0.0,0.16050638218999375,0.0009798564246221138,0,locally_searched_attained_extreme,False
hmm3,0.15,2.0,g01_min,0.0,0.0,0.0,0.0,-10295.13396702939,-10303.05290322578,0.15,0.0485099689342607,0.15430091318306316,0.0,12,locally_searched_attained_extreme,False
hmm3,0.15,2.0,g01_max,0.05479777588761213,0.05479777588761213,0.02638332575732556,0.08118110164493769,-10304.938979973256,-10303.05290322578,0.0,0.0,0.15550638218999374,0.0009798564246221138,0,locally_searched_attained_extreme,False
hmm3,0.15,2.0,g12_min,0.0,0.0,0.0,0.0,-10295.13396702939,-10303.05290322578,0.15,0.0485099689342607,0.15430091318306316,0.0,12,locally_searched_attained_extreme,False
hmm3,0.15,2.0,g12_max,0.04323201481164955,0.02773673538221213,0.04323201481164955,0.07096875019386167,-10304.963796612665,-10303.05290322578,0.13895487764049058,0.049305124615939555,0.15873296723136696,0.0,2,locally_searched_attained_extreme,False
hmm3,0.15,2.0,sum_min,0.0,0.0,0.0,0.0,-10295.13396702939,-10303.05290322578,0.15,0.0485099689342607,0.15430091318306316,0.0,12,locally_searched_attained_extreme,False
hmm3,0.15,2.0,sum_max,0.08191256289499883,0.05479777588761213,0.027114787007386704,0.08191256289499883,-10305.045796962184,-10303.05290322578,0.0,0.0,0.15650638218999374,0.0009798564246221138,0,locally_searched_attained_extreme,False
hmm3,0.15,10.0,g01_min,0.0,0.0,0.0,0.0,-10295.13396702939,-10303.05290322578,0.15,0.0485099689342607,0.15430091318306316,0.0,12,locally_searched_attained_extreme,False
hmm3,0.15,10.0,g01_max,0.060797775887612135,0.060797775887612135,0.030005203350239793,0.09080297923785192,-10312.623378459135,-10303.05290322578,0.0,0.0,0.15550638218999374,0.0009798564246221138,0,locally_searched_attained_extreme,False
hmm3,0.15,10.0,g12_min,0.0,0.0,0.0,0.0,-10295.13396702939,-10303.05290322578,0.15,0.0485099689342607,0.15430091318306316,0.0,12,locally_searched_attained_extreme,False
hmm3,0.15,10.0,g12_max,0.048645929635364384,0.030736735382212128,0.048645929635364384,0.07938266501757651,-10313.030284048089,-10303.05290322578,0.13895487764049058,0.049202914130357704,0.15973296723136696,0.0,2,locally_searched_attained_extreme,False
hmm3,0.15,10.0,sum_min,0.0,0.0,0.0,0.0,-10295.13396702939,-10303.05290322578,0.15,0.0485099689342607,0.15430091318306316,0.0,12,locally_searched_attained_extreme,False
hmm3,0.15,10.0,sum_max,0.09239977910596767,0.05779777588761214,0.03460200321835553,0.09239977910596767,-10313.019370311424,-10303.05290322578,0.0,0.0,0.16050638218999375,0.0009798564246221138,0,locally_searched_attained_extreme,False
hmm3,0.2,2.0,g01_min,0.0,0.0,0.0,0.0,-10303.052903225782,-10303.05290322578,0.1522122806048261,0.04862077479800229,0.15450244198783844,0.0,12,locally_searched_attained_extreme,False
hmm3,0.2,2.0,g01_max,0.05479777588761213,0.05479777588761213,0.02638332575732556,0.08118110164493769,-10304.938979973256,-10303.05290322578,0.0,0.0,0.15550638218999374,0.0009798564246221138,0,locally_searched_attained_extreme,False
hmm3,0.2,2.0,g12_min,0.0,0.0,0.0,0.0,-10303.052903225782,-10303.05290322578,0.1522122806048261,0.04862077479800229,0.15450244198783844,0.0,12,locally_searched_attained_extreme,False
hmm3,0.2,2.0,g12_max,0.04323201481164955,0.02773673538221213,0.04323201481164955,0.07096875019386167,-10304.963796612665,-10303.05290322578,0.13895487764049058,0.049305124615939555,0.15873296723136696,0.0,2,locally_searched_attained_extreme,False
hmm3,0.2,2.0,sum_min,0.0,0.0,0.0,0.0,-10303.052903225782,-10303.05290322578,0.1522122806048261,0.04862077479800229,0.15450244198783844,0.0,12,locally_searched_attained_extreme,False
hmm3,0.2,2.0,sum_max,0.08191256289499883,0.05479777588761213,0.027114787007386704,0.08191256289499883,-10305.045796962184,-10303.05290322578,0.0,0.0,0.15650638218999374,0.0009798564246221138,0,locally_searched_attained_extreme,False
hmm3,0.2,10.0,g01_min,0.0,0.0,0.0,0.0,-10303.052903225782,-10303.05290322578,0.1522122806048261,0.04862077479800229,0.15450244198783844,0.0,12,locally_searched_attained_extreme,False
hmm3,0.2,10.0,g01_max,0.060797775887612135,0.060797775887612135,0.030005203350239793,0.09080297923785192,-10312.623378459135,-10303.05290322578,0.0,0.0,0.15550638218999374,0.0009798564246221138,0,locally_searched_attained_extreme,False
hmm3,0.2,10.0,g12_min,0.0,0.0,0.0,0.0,-10303.052903225782,-10303.05290322578,0.1522122806048261,0.04862077479800229,0.15450244198783844,0.0,12,locally_searched_attained_extreme,False
hmm3,0.2,10.0,g12_max,0.048645929635364384,0.030736735382212128,0.048645929635364384,0.07938266501757651,-10313.030284048089,-10303.05290322578,0.13895487764049058,0.049202914130357704,0.15973296723136696,0.0,2,locally_searched_attained_extreme,False
hmm3,0.2,10.0,sum_min,0.0,0.0,0.0,0.0,-10303.052903225782,-10303.05290322578,0.1522122806048261,0.04862077479800229,0.15450244198783844,0.0,12,locally_searched_attained_extreme,False
hmm3,0.2,10.0,sum_max,0.09239977910596767,0.05779777588761214,0.03460200321835553,0.09239977910596767,-10313.019370311424,-10303.05290322578,0.0,0.0,0.16050638218999375,0.0009798564246221138,0,locally_searched_attained_extreme,False
hmm4,0,2.0,g01_min,0.05599265209504647,0.05599265209504647,0.02800413463588221,0.08399678673092868,-10218.847223778661,-10217.104231913938,0.0,0.0,0.009501681344369652,0.0,6,locally_searched_attained_extreme,False
hmm4,0,2.0,g01_max,0.061698604458420986,0.061698604458420986,0.029047134873091067,0.09074573933151206,-10218.973268625672,-10217.104231913938,0.0,0.0,0.009966565063263499,3.820503462135632e-24,6,locally_searched_attained_extreme,False
hmm4,0,2.0,g12_min,0.024834889767206145,0.05767771911811466,0.024834889767206145,0.0825126088853208,-10219.082280494258,-10217.104231913938,0.0,0.0,0.008225563294799693,0.0,7,locally_searched_attained_extreme,False
hmm4,0,2.0,g12_max,0.030490725116843184,0.06269860445842099,0.030490725116843184,0.09318932957526417,-10219.084229221273,-10217.104231913938,0.0,0.0,0.009716565063263499,3.820503462135632e-24,6,locally_searched_attained_extreme,False
hmm4,0,2.0,sum_min,0.0824303532523728,0.05767771911811466,0.02475263413425815,0.0824303532523728,-10219.084123907474,-10217.104231913938,0.0,0.0,0.008225563294799693,0.0,7,locally_searched_attained_extreme,False
hmm4,0,2.0,sum_max,0.09324762896564376,0.06269860445842099,0.030549024507222765,0.09324762896564376,-10219.102448222626,-10217.104231913938,0.0,0.0,0.009716565063263499,3.820503462135632e-24,6,locally_searched_attained_extreme,False
hmm4,0,10.0,g01_min,0.05074265209504646,0.05074265209504646,0.02559674953057968,0.07633940162562614,-10226.346255621496,-10217.104231913938,0.0,0.0,0.010251681344369653,0.0,8,locally_searched_attained_extreme,False
hmm4,0,10.0,g01_max,0.06769860445842099,0.06769860445842099,0.03436562299350212,0.10206422745192312,-10226.426546710023,-10217.104231913938,0.0,0.0,0.009466565063263498,3.820503462135632e-24,6,locally_searched_attained_extreme,False
hmm4,0,10.0,g12_min,0.022090018555608004,0.05467771911811466,0.022090018555608004,0.07676773767372266,-10227.025196740984,-10217.104231913938,0.0,0.0,0.008225563294799693,0.0,8,locally_searched_attained_extreme,False
hmm4,0,10.0,g12_max,0.03714162314358929,0.06769860445842099,0.03714162314358929,0.10484022760201028,-10225.97660442058,-10217.104231913938,0.0,0.0,0.012216565063263499,3.820503462135632e-24,6,locally_searched_attained_extreme,False
hmm4,0,10.0,sum_min,0.0758618052020883,0.05074265209504646,0.02511915310704184,0.0758618052020883,-10226.569911390141,-10217.104231913938,0.0,0.0,0.010251681344369653,0.0,8,locally_searched_attained_extreme,False
hmm4,0,10.0,sum_max,0.10654422013087787,0.06769860445842099,0.03884561567245688,0.10654422013087787,-10227.099192628675,-10217.104231913938,0.0,0.0,0.012216565063263499,3.820503462135632e-24,6,locally_searched_attained_extreme,False
hmm4,0.01,2.0,g01_min,0.04685133741527961,0.04685133741527961,0.02435334457246235,0.07120468198774196,-10218.897977433342,-10217.104231913938,0.01000000000000004,0.009997555136293764,0.010413841475498255,0.0,6,locally_searched_attained_extreme,False
hmm4,0.01,2.0,g01_max,0.06269860445842099,0.06269860445842099,0.030490725116843184,0.09318932957526417,-10219.084229221273,-10217.104231913938,0.0,0.0,0.009716565063263499,3.820503462135632e-24,6,locally_searched_attained_extreme,False
hmm4,0.01,2.0,g12_min,0.024033479190370854,0.04685133741527961,0.024033479190370854,0.07088481660565046,-10218.959638333488,-10217.104231913938,0.01000000000000004,0.009997555136293763,0.010413841475498255,0.0,6,locally_searched_attained_extreme,False
hmm4,0.01,2.0,g12_max,0.037349627372211855,0.057635444062220605,0.037349627372211855,0.09498507143443247,-10219.008899424058,-10217.104231913938,0.009999999999999997,0.00993860037888468,0.009506159319211269,0.0,6,locally_searched_attained_extreme,False
hmm4,0.01,2.0,sum_min,0.07078067819089548,0.04685133741527961,0.023929340775615874,0.07078067819089548,-10219.094533857009,-10217.104231913938,0.01000000000000004,0.009997555136293763,0.010413841475498255,0.0,6,locally_searched_attained_extreme,False
hmm4,0.01,2.0,sum_max,0.09498507143443247,0.057635444062220605,0.037349627372211855,0.09498507143443247,-10219.008899424058,-10217.104231913938,0.009999999999999997,0.00993860037888468,0.009506159319211269,0.0,6,locally_searched_attained_extreme,False
hmm4,0.01,10.0,g01_min,0.04102746253029441,0.04102746253029441,0.023254589974734216,0.06428205250502864,-10227.088123330128,-10217.104231913938,0.01000000000000004,0.009997551305694435,0.011413841475498255,0.0,7,locally_searched_attained_extreme,False
hmm4,0.01,10.0,g01_max,0.06869860445842099,0.06869860445842099,0.03703357099988977,0.10573217545831076,-10226.877200670284,-10217.104231913938,0.0,0.0,0.012216565063263499,3.820503462135632e-24,6,locally_searched_attained_extreme,False
hmm4,0.01,10.0,g12_min,0.021991311796070407,0.05467771911811466,0.021991311796070407,0.07666903091418506,-10226.991266378713,-10217.104231913938,0.0,0.0,0.008225563294799693,0.0,8,locally_searched_attained_extreme,False
hmm4,0.01,10.0,g12_max,0.04256200607960522,0.057635444062220605,0.04256200607960522,0.10019745014182582,-10226.867930860206,-10217.104231913938,0.009999999999999997,0.00993860037888468,0.009506159319211269,0.0,6,locally_searched_attained_extreme,False
hmm4,0.01,10.0,sum_min,0.06383860022063058,0.04102746253029441,0.022811137690336162,0.06383860022063058,-10227.10273734196,-10217.104231913938,0.01000000000000004,0.009997551305694435,0.011413841475498255,0.0,7,locally_searched_attained_extreme,False
hmm4,0.01,10.0,sum_max,0.10655643669594114,0.06769860445842099,0.038857832237520144,0.10655643669594114,-10227.103315657912,-10217.104231913938,0.0,0.0,0.012216565063263499,3.820503462135632e-24,6,locally_searched_attained_extreme,False
hmm4,0.025,2.0,g01_min,0.04280950520985797,0.04280950520985797,0.03333563580410498,0.07614514101396294,-10218.761518013773,-10217.104231913938,0.02500000000000002,0.023295531449001247,0.009054508428470734,0.0,9,locally_searched_attained_extreme,False
hmm4,0.025,2.0,g01_max,0.06269860445842099,0.06269860445842099,0.030490725116843184,0.09318932957526417,-10219.084229221273,-10217.104231913938,0.0,0.0,0.009716565063263499,3.820503462135632e-24,6,locally_searched_attained_extreme,False
hmm4,0.025,2.0,g12_min,0.022479370518171973,0.04685133741527961,0.022479370518171973,0.06933070793345159,-10219.082259930627,-10217.104231913938,0.01000000000000004,0.00999754846132082,0.009663841475498255,0.0,6,locally_searched_attained_extreme,False
hmm4,0.025,2.0,g12_max,0.04170824841450605,0.047132788567637446,0.04170824841450605,0.08884103698214349,-10218.960666941175,-10217.104231913938,0.02500000000000002,0.02330440850507927,0.009731225071366143,1.9699430840639707e-16,4,locally_searched_attained_extreme,False
hmm4,0.025,2.0,sum_min,0.06922699205983604,0.04685133741527961,0.022375654644556434,0.06922699205983604,-10219.099535848454,-10217.104231913938,0.01000000000000004,0.00999754178634788,0.009663841475498255,0.0,6,locally_searched_attained_extreme,False
hmm4,0.025,2.0,sum_max,0.09526400768461044,0.057635444062220605,0.03762856362238984,0.09526400768461044,-10219.04690403309,-10217.104231913938,0.009999999999999997,0.00993860037888468,0.009506159319211269,0.0,6,locally_searched_attained_extreme,False
hmm4,0.025,10.0,g01_min,0.04102746253029441,0.04102746253029441,0.023254589974734216,0.06428205250502864,-10227.088123330128,-10217.104231913938,0.01000000000000004,0.009997551305694435,0.011413841475498255,0.0,7,locally_searched_attained_extreme,False
hmm4,0.025,10.0,g01_max,0.06869860445842099,0.06869860445842099,0.03703357099988977,0.10573217545831076,-10226.877200670284,-10217.104231913938,0.0,0.0,0.012216565063263499,3.820503462135632e-24,6,locally_searched_attained_extreme,False
hmm4,0.025,10.0,g12_min,0.02141404915602721,0.05567771911811466,0.02141404915602721,0.07709176827414187,-10226.996847292348,-10217.104231913938,0.0,0.0,0.007225563294799694,0.0,8,locally_searched_attained_extreme,False
hmm4,0.025,10.0,g12_max,0.04266657383211654,0.057635444062220605,0.04266657383211654,0.10030201789433715,-10226.898083041076,-10217.104231913938,0.009999999999999997,0.00993860037888468,0.009506159319211269,0.0,6,locally_searched_attained_extreme,False
hmm4,0.025,10.0,sum_min,0.06136539158475229,0.04102746253029441,0.020337929054457873,0.06136539158475229,-10226.941505703198,-10217.104231913938,0.01000000000000004,0.009997544630721493,0.0074138414754982545,0.0,7,locally_searched_attained_extreme,False
hmm4,0.025,10.0,sum_max,0.10655643669594114,0.06769860445842099,0.038857832237520144,0.10655643669594114,-10227.103315657912,-10217.104231913938,0.0,0.0,0.012216565063263499,3.820503462135632e-24,6,locally_searched_attained_extreme,False
hmm4,0.05,2.0,g01_min,0.039751960837379745,0.039751960837379745,0.03811110455719236,0.0778630653945721,-10218.902774285107,-10217.104231913938,0.05000000000000001,0.02971085690029612,0.008750005249919908,0.0,6,locally_searched_attained_extreme,False
hmm4,0.05,2.0,g01_max,0.06269860445842099,0.06269860445842099,0.030490725116843184,0.09318932957526417,-10219.084229221273,-10217.104231913938,0.0,0.0,0.009716565063263499,3.820503462135632e-24,6,locally_searched_attained_extreme,False
hmm4,0.05,2.0,g12_min,0.022375654644556434,0.04685133741527961,0.022375654644556434,0.06922699205983604,-10219.099535848454,-10217.104231913938,0.01000000000000004,0.00999754178634788,0.009663841475498255,0.0,6,locally_searched_attained_extreme,False
hmm4,0.05,2.0,g12_max,0.04279951729075071,0.04813278856763745,0.04279951729075071,0.09093230585838816,-10218.955596862414,-10217.104231913938,0.02500000000000002,0.023299872523179305,0.009732043370750574,1.9699430840639707e-16,4,locally_searched_attained_extreme,False
hmm4,0.05,2.0,sum_min,0.06922699205983604,0.04685133741527961,0.022375654644556434,0.06922699205983604,-10219.099535848454,-10217.104231913938,0.01000000000000004,0.00999754178634788,0.009663841475498255,0.0,6,locally_searched_attained_extreme,False
hmm4,0.05,2.0,sum_max,0.09625393161008908,0.0586354440622206,0.03761848754786848,0.09625393161008908,-10218.986092531723,-10217.104231913938,0.009999999999999997,0.00993847753872277,0.009506159319211269,0.0,6,locally_searched_attained_extreme,False
hmm4,0.05,10.0,g01_min,0.03525196083737975,0.03525196083737975,0.03307924129980814,0.06833120213718788,-10226.68254670296,-10217.104231913938,0.05000000000000001,0.029671231536795857,0.008000005249919907,0.0,6,locally_searched_attained_extreme,False
hmm4,0.05,10.0,g01_max,0.06869860445842099,0.06869860445842099,0.03703357099988977,0.10573217545831076,-10226.877200670284,-10217.104231913938,0.0,0.0,0.012216565063263499,3.820503462135632e-24,6,locally_searched_attained_extreme,False
hmm4,0.05,10.0,g12_min,0.020126312625478253,0.04052746253029441,0.020126312625478253,0.060653775155772666,-10227.08542859004,-10217.104231913938,0.01000000000000004,0.009997546299464727,0.007663841475498255,0.0,8,locally_searched_attained_extreme,False
hmm4,0.05,10.0,g12_max,0.04666109607088885,0.05113278856763745,0.04666109607088885,0.0977938846385263,-10227.083259465968,-10217.104231913938,0.02500000000000002,0.02330087679188258,0.009732043370750574,0.0,4,locally_searched_attained_extreme,False
hmm4,0.05,10.0,sum_min,0.06062311978987067,0.04052746253029441,0.02009565725957626,0.06062311978987067,-10227.092614887053,-10217.104231913938,0.01000000000000004,0.009997546299464727,0.007663841475498255,0.0,8,locally_searched_attained_extreme,False
hmm4,0.05,10.0,sum_max,0.10655643669594114,0.06769860445842099,0.038857832237520144,0.10655643669594114,-10227.103315657912,-10217.104231913938,0.0,0.0,0.012216565063263499,3.820503462135632e-24,6,locally_searched_attained_extreme,False
hmm4,0.075,2.0,g01_min,0.039751960837379745,0.039751960837379745,0.03811110455719236,0.0778630653945721,-10218.902774285107,-10217.104231913938,0.05000000000000001,0.02971085690029612,0.008750005249919908,0.0,6,locally_searched_attained_extreme,False
hmm4,0.075,2.0,g01_max,0.06269860445842099,0.06269860445842099,0.030490725116843184,0.09318932957526417,-10219.084229221273,-10217.104231913938,0.0,0.0,0.009716565063263499,3.820503462135632e-24,6,locally_searched_attained_extreme,False
hmm4,0.075,2.0,g12_min,0.022375654644556434,0.04685133741527961,0.022375654644556434,0.06922699205983604,-10219.099535848454,-10217.104231913938,0.01000000000000004,0.00999754178634788,0.009663841475498255,0.0,6,locally_searched_attained_extreme,False
hmm4,0.075,2.0,g12_max,0.0434192511603907,0.04813278856763745,0.0434192511603907,0.09155203972802814,-10219.042491244072,-10217.104231913938,0.02500000000000002,0.02330087679188258,0.009982043370750574,0.0,5,locally_searched_attained_extreme,False
hmm4,0.075,2.0,sum_min,0.06922699205983604,0.04685133741527961,0.022375654644556434,0.06922699205983604,-10219.099535848454,-10217.104231913938,0.01000000000000004,0.00999754178634788,0.009663841475498255,0.0,6,locally_searched_attained_extreme,False
hmm4,0.075,2.0,sum_max,0.09674551862513142,0.0586354440622206,0.03811007456291083,0.09674551862513142,-10219.058017006491,-10217.104231913938,0.009999999999999997,0.00993847753872277,0.009506159319211269,0.0,6,locally_searched_attained_extreme,False
hmm4,0.075,10.0,g01_min,0.03525196083737975,0.03525196083737975,0.03307924129980814,0.06833120213718788,-10226.68254670296,-10217.104231913938,0.05000000000000001,0.029671231536795857,0.008000005249919907,0.0,6,locally_searched_attained_extreme,False
hmm4,0.075,10.0,g01_max,0.06869860445842099,0.06869860445842099,0.03703357099988977,0.10573217545831076,-10226.877200670284,-10217.104231913938,0.0,0.0,0.012216565063263499,3.820503462135632e-24,6,locally_searched_attained_extreme,False
hmm4,0.075,10.0,g12_min,0.019858967225403444,0.04052746253029441,0.019858967225403444,0.06038642975569786,-10227.041991772132,-10217.104231913938,0.01000000000000004,0.009997539624491784,0.007663841475498255,0.0,8,locally_searched_attained_extreme,False
hmm4,0.075,10.0,g12_max,0.047299389450292,0.05013278856763745,0.047299389450292,0.09743217801792944,-10226.92019736002,-10217.104231913938,0.02500000000000002,0.0233022373086542,0.010732043370750574,0.0,5,locally_searched_attained_extreme,False
hmm4,0.075,10.0,sum_min,0.060151739721525044,0.04052746253029441,0.01962427719123063,0.060151739721525044,-10227.065805506716,-10217.104231913938,0.01000000000000004,0.009997532949518842,0.007663841475498255,0.0,8,locally_searched_attained_extreme,False
hmm4,0.075,10.0,sum_max,0.10655643669594114,0.06769860445842099,0.038857832237520144,0.10655643669594114,-10227.103315657912,-10217.104231913938,0.0,0.0,0.012216565063263499,3.820503462135632e-24,6,locally_searched_attained_extreme,False
hmm4,0.1,2.0,g01_min,0.03499124779179224,0.03499124779179224,0.0404523018182885,0.07544354961008073,-10218.725238740435,-10217.104231913938,0.09999999999999999,0.037849810108139245,0.008966169200802855,0.0,4,locally_searched_attained_extreme,False
hmm4,0.1,2.0,g01_max,0.06269860445842099,0.06269860445842099,0.030490725116843184,0.09318932957526417,-10219.084229221273,-10217.104231913938,0.0,0.0,0.009716565063263499,3.820503462135632e-24,6,locally_searched_attained_extreme,False
hmm4,0.1,2.0,g12_min,0.022365990803080937,0.04685133741527961,0.022365990803080937,0.06921732821836055,-10219.103104817854,-10217.104231913938,0.01000000000000004,0.00999754178634788,0.009663841475498255,0.0,6,locally_searched_attained_extreme,False
hmm4,0.1,2.0,g12_max,0.048182761450264906,0.04150082765779534,0.048182761450264906,0.08968358910806025,-10219.058536770095,-10217.104231913938,0.09999999999999999,0.0379356322253097,0.009456589334799752,0.0,1,locally_searched_attained_extreme,False
hmm4,0.1,2.0,sum_min,0.06437975315525925,0.043036436192254515,0.02134331696300473,0.06437975315525925,-10218.89400685548,-10217.104231913938,0.10000000000000003,0.02566626095863258,0.009837837441053321,0.0,6,locally_searched_attained_extreme,False
hmm4,0.1,2.0,sum_max,0.0968025555810467,0.0586354440622206,0.0381671115188261,0.0968025555810467,-10219.096661722788,-10217.104231913938,0.009999999999999997,0.00993847753872277,0.009506159319211269,0.0,6,locally_searched_attained_extreme,False
hmm4,0.1,10.0,g01_min,0.02989951372876331,0.02989951372876331,0.04042491158528626,0.07032442531404956,-10226.799420371051,-10217.104231913938,0.09999999999999999,0.037854676712640416,0.008966169200802855,0.0,5,locally_searched_attained_extreme,False
hmm4,0.1,10.0,g01_max,0.06869860445842099,0.06869860445842099,0.03703357099988977,0.10573217545831076,-10226.877200670284,-10217.104231913938,0.0,0.0,0.012216565063263499,3.820503462135632e-24,6,locally_searched_attained_extreme,False
hmm4,0.1,10.0,g12_min,0.01960128566680414,0.04052746253029441,0.01960128566680414,0.060128748197098555,-10227.101274284829,-10217.104231913938,0.01000000000000004,0.009997532949518842,0.007663841475498255,0.0,8,locally_searched_attained_extreme,False
hmm4,0.1,10.0,g12_max,0.05315639235192763,0.043500827657795345,0.05315639235192763,0.09665722000972297,-10226.879686054795,-10217.104231913938,0.09999999999999999,0.03800730324074806,0.010706589334799753,0.0,1,locally_searched_attained_extreme,False
hmm4,0.1,10.0,sum_min,0.060128748197098555,0.04052746253029441,0.01960128566680414,0.060128748197098555,-10227.101274284829,-10217.104231913938,0.01000000000000004,0.009997532949518842,0.007663841475498255,0.0,8,locally_searched_attained_extreme,False
hmm4,0.1,10.0,sum_max,0.10655643669594114,0.06769860445842099,0.038857832237520144,0.10655643669594114,-10227.103315657912,-10217.104231913938,0.0,0.0,0.012216565063263499,3.820503462135632e-24,6,locally_searched_attained_extreme,False
hmm4,0.15,2.0,g01_min,0.034868471950924636,0.034868471950924636,0.040385589564546215,0.07525406151547084,-10218.817525508875,-10217.104231913938,0.09999999999999999,0.03784068732953044,0.008843393359935253,0.0,5,locally_searched_attained_extreme,False
hmm4,0.15,2.0,g01_max,0.06269860445842099,0.06269860445842099,0.030490725116843184,0.09318932957526417,-10219.084229221273,-10217.104231913938,0.0,0.0,0.009716565063263499,3.820503462135632e-24,6,locally_searched_attained_extreme,False
hmm4,0.15,2.0,g12_min,0.019344995251132407,0.039963979276943166,0.019344995251132407,0.05930897452807557,-10218.706968520335,-10217.104231913938,0.15000000000000002,0.025711492355500513,0.009226892291680087,0.0,9,locally_searched_attained_extreme,False
hmm4,0.15,2.0,g12_max,0.048286783932947705,0.04150082765779534,0.048286783932947705,0.08978761159074305,-10219.089984046128,-10217.104231913938,0.09999999999999999,0.0379356322253097,0.009456589334799752,0.0,1,locally_searched_attained_extreme,False
hmm4,0.15,2.0,sum_min,0.05842132040271013,0.03937765863503868,0.01904366176767145,0.05842132040271013,-10219.002139200047,-10217.104231913938,0.15000000000000002,0.02558183718320484,0.009226892294814581,0.0,9,locally_searched_attained_extreme,False
hmm4,0.15,2.0,sum_max,0.09681206174036591,0.0586354440622206,0.038176617678145314,0.09681206174036591,-10219.10174857907,-10217.104231913938,0.009999999999999997,0.00993847753872277,0.009506159319211269,0.0,6,locally_searched_attained_extreme,False
hmm4,0.15,10.0,g01_min,0.0,0.0,0.0,0.0,-10222.048913130993,-10217.104231913938,0.15,0.04823879171974462,0.010069682063885584,0.0,24,locally_searched_attained_extreme,False
hmm4,0.15,10.0,g01_max,0.06869860445842099,0.06869860445842099,0.03703357099988977,0.10573217545831076,-10226.877200670284,-10217.104231913938,0.0,0.0,0.012216565063263499,3.820503462135632e-24,6,locally_searched_attained_extreme,False
hmm4,0.15,10.0,g12_min,0.0,0.0,0.0,0.0,-10222.048913130993,-10217.104231913938,0.15,0.04823879171974462,0.010069682063885584,0.0,24,locally_searched_attained_extreme,False
hmm4,0.15,10.0,g12_max,0.053761364095829954,0.043742645265507654,0.053761364095829954,0.0975040093613376,-10226.98363837533,-10217.104231913938,0.09999999999999999,0.03808149026615144,0.01146477172708745,0.0,2,locally_searched_attained_extreme,False
hmm4,0.15,10.0,sum_min,0.0,0.0,0.0,0.0,-10222.048913130993,-10217.104231913938,0.15,0.04823879171974462,0.010069682063885584,0.0,24,locally_searched_attained_extreme,False
hmm4,0.15,10.0,sum_max,0.10655643669594114,0.06769860445842099,0.038857832237520144,0.10655643669594114,-10227.103315657912,-10217.104231913938,0.0,0.0,0.012216565063263499,3.820503462135632e-24,6,locally_searched_attained_extreme,False
hmm4,0.2,2.0,g01_min,0.033868471950924635,0.033868471950924635,0.040507264083382455,0.07437573603430708,-10219.07881185497,-10217.104231913938,0.09999999999999999,0.03791293244320908,0.008843393359935253,0.0,5,locally_searched_attained_extreme,False
hmm4,0.2,2.0,g01_max,0.06269860445842099,0.06269860445842099,0.030490725116843184,0.09318932957526417,-10219.084229221273,-10217.104231913938,0.0,0.0,0.009716565063263499,3.820503462135632e-24,6,locally_searched_attained_extreme,False
hmm4,0.2,2.0,g12_min,0.018756335429101798,0.03937765863503868,0.018756335429101798,0.05813399406414048,-10219.094446147154,-10217.104231913938,0.15000000000000002,0.025581837182777192,0.009226892291680087,0.0,9,locally_searched_attained_extreme,False
hmm4,0.2,2.0,g12_max,0.04829046233523436,0.04150082765779534,0.04829046233523436,0.08979128999302971,-10219.090003819447,-10217.104231913938,0.09999999999999999,0.037935636195104906,0.00946477172708745,0.0,2,locally_searched_attained_extreme,False
hmm4,0.2,2.0,sum_min,0.056573446884694505,0.037610543106288225,0.01896290377840628,0.056573446884694505,-10218.674977750534,-10217.104231913938,0.15000000000000002,0.02565333315957303,0.009226892291680087,0.0,10,locally_searched_attained_extreme,False
hmm4,0.2,2.0,sum_max,0.09781101544392595,0.0596354440622206,0.038175571381705346,0.09781101544392595,-10218.805234955382,-10217.104231913938,0.009999999999999997,0.00993856534296941,0.009506159319211269,0.0,6,locally_searched_attained_extreme,False
hmm4,0.2,10.0,g01_min,0.0,0.0,0.0,0.0,-10220.258727786631,-10217.104231913938,0.2,0.05040723439603898,0.01012342677838616,0.0,24,locally_searched_attained_extreme,False
hmm4,0.2,10.0,g01_max,0.06869860445842099,0.06869860445842099,0.03703357099988977,0.10573217545831076,-10226.877200670284,-10217.104231913938,0.0,0.0,0.012216565063263499,3.820503462135632e-24,6,locally_searched_attained_extreme,False
hmm4,0.2,10.0,g12_min,0.0,0.0,0.0,0.0,-10220.258727786631,-10217.104231913938,0.2,0.05040723439603898,0.01012342677838616,0.0,24,locally_searched_attained_extreme,False
hmm4,0.2,10.0,g12_max,0.05391312104931064,0.04274264526550765,0.05391312104931064,0.09665576631481829,-10226.642927942581,-10217.104231913938,0.09999999999999999,0.03815530944939814,0.01146477172708745,0.0,2,locally_searched_attained_extreme,False
hmm4,0.2,10.0,sum_min,0.0,0.0,0.0,0.0,-10220.258727786631,-10217.104231913938,0.2,0.05040723439603898,0.01012342677838616,0.0,24,locally_searched_attained_extreme,False
hmm4,0.2,10.0,sum_max,0.10655643669594114,0.06769860445842099,0.038857832237520144,0.10655643669594114,-10227.103315657912,-10217.104231913938,0.0,0.0,0.012216565063263499,3.820503462135632e-24,6,locally_searched_attained_extreme,False
