model,PID4_class,bin_lower,bin_upper,mean_predicted,n,observed_n,observed_rate,predicted_sum
raw8_parent,0,0.0,0.1,0.01410885526481865,2407,40,0.016618196925633568,33.96001462241849
raw8_parent,0,0.1,0.2,0.10993139653148723,811,86,0.1060419235511714,89.15436258703615
raw8_parent,0,0.2,0.3,0.24019607843137253,19,0,0.0,4.563725490196078
raw8_parent,0,0.3,0.4,,0,0,,0.0
raw8_parent,0,0.4,0.5,,0,0,,0.0
raw8_parent,0,0.5,0.6,,0,0,,0.0
raw8_parent,0,0.6,0.7,,0,0,,0.0
raw8_parent,0,0.7,0.8,,0,0,,0.0
raw8_parent,0,0.8,0.9,,0,0,,0.0
raw8_parent,0,0.9,1.0,0.9708368586527634,2938,2855,0.9717494894486045,2852.3186907218187
raw8_parent,1,0.0,0.1,0.02272429430952438,5170,116,0.02243713733075435,117.48460158024105
raw8_parent,1,0.1,0.2,,0,0,,0.0
raw8_parent,1,0.2,0.3,,0,0,,0.0
raw8_parent,1,0.3,0.4,0.360441552099767,45,21,0.4666666666666667,16.219869844489516
raw8_parent,1,0.4,0.5,0.4210069444444445,24,6,0.25,10.104166666666668
raw8_parent,1,0.5,0.6,,0,0,,0.0
raw8_parent,1,0.6,0.7,,0,0,,0.0
raw8_parent,1,0.7,0.8,0.782944050343122,936,734,0.7841880341880342,732.8356311211621
raw8_parent,1,0.8,0.9,,0,0,,0.0
raw8_parent,1,0.9,1.0,,0,0,,0.0
raw8_parent,2,0.0,0.1,0.01932735180939388,3324,73,0.021961492178098677,64.24411741442526
raw8_parent,2,0.1,0.2,0.10744985649343873,619,57,0.09208400646203554,66.51146116943858
raw8_parent,2,0.2,0.3,,0,0,,0.0
raw8_parent,2,0.3,0.4,,0,0,,0.0
raw8_parent,2,0.4,0.5,,0,0,,0.0
raw8_parent,2,0.5,0.6,,0,0,,0.0
raw8_parent,2,0.6,0.7,,0,0,,0.0
raw8_parent,2,0.7,0.8,,0,0,,0.0
raw8_parent,2,0.8,0.9,,0,0,,0.0
raw8_parent,2,0.9,1.0,0.963126566134818,2232,2152,0.96415770609319,2149.6984956129136
raw8_parent,3,0.0,0.1,0.0028372476852193697,6106,15,0.002456600065509335,17.324234365949472
raw8_parent,3,0.1,0.2,,0,0,,0.0
raw8_parent,3,0.2,0.3,0.2630308109833972,36,15,0.4166666666666667,9.469109195402298
raw8_parent,3,0.3,0.4,0.33671271538918596,33,5,0.15151515151515152,11.111519607843137
raw8_parent,3,0.4,0.5,,0,0,,0.0
raw8_parent,3,0.5,0.6,,0,0,,0.0
raw8_parent,3,0.6,0.7,,0,0,,0.0
raw8_parent,3,0.7,0.8,,0,0,,0.0
raw8_parent,3,0.8,0.9,,0,0,,0.0
raw8_parent,3,0.9,1.0,,0,0,,0.0
raw8_plus_PID20_4_shrink20,0,0.0,0.1,0.025103959550309217,3068,78,0.025423728813559324,77.01894790034868
raw8_plus_PID20_4_shrink20,0,0.1,0.2,0.1459990386984879,57,3,0.05263157894736842,8.32194520581381
raw8_plus_PID20_4_shrink20,0,0.2,0.3,0.27671804832452945,28,16,0.5714285714285714,7.748105353086825
raw8_plus_PID20_4_shrink20,0,0.3,0.4,0.33563468082832165,83,29,0.3493975903614458,27.8576785087507
raw8_plus_PID20_4_shrink20,0,0.4,0.5,0.4070317782285328,1,0,0.0,0.4070317782285328
raw8_plus_PID20_4_shrink20,0,0.5,0.6,,0,0,,0.0
raw8_plus_PID20_4_shrink20,0,0.6,0.7,,0,0,,0.0
raw8_plus_PID20_4_shrink20,0,0.7,0.8,,0,0,,0.0
raw8_plus_PID20_4_shrink20,0,0.8,0.9,0.8831664623315744,79,65,0.8227848101265823,69.77015052419438
raw8_plus_PID20_4_shrink20,0,0.9,1.0,0.9769747230170556,2859,2790,0.9758656873032528,2793.170733105762
raw8_plus_PID20_4_shrink20,1,0.0,0.1,0.019303908690840553,5108,104,0.020360219263899765,98.60436559281354
raw8_plus_PID20_4_shrink20,1,0.1,0.2,0.15797087822647185,62,12,0.1935483870967742,9.794194450041255
raw8_plus_PID20_4_shrink20,1,0.2,0.3,0.2651901394294903,4,3,0.75,1.0607605577179613
raw8_plus_PID20_4_shrink20,1,0.3,0.4,0.36481668908237797,37,13,0.35135135135135137,13.498217496047985
raw8_plus_PID20_4_shrink20,1,0.4,0.5,0.43346493391193874,19,8,0.42105263157894735,8.235833744326836
raw8_plus_PID20_4_shrink20,1,0.5,0.6,0.5340910413898269,31,21,0.6774193548387096,16.55682228308463
raw8_plus_PID20_4_shrink20,1,0.6,0.7,0.6452682513515077,209,122,0.583732057416268,134.8610645324651
raw8_plus_PID20_4_shrink20,1,0.7,0.8,0.7672121640968932,13,12,0.9230769230769231,9.973758133259611
raw8_plus_PID20_4_shrink20,1,0.8,0.9,0.8414310262165503,692,582,0.8410404624277457,582.2702701418528
raw8_plus_PID20_4_shrink20,1,0.9,1.0,,0,0,,0.0
raw8_plus_PID20_4_shrink20,2,0.0,0.1,0.01975133427893855,3729,78,0.02091713596138375,73.65272552616186
raw8_plus_PID20_4_shrink20,2,0.1,0.2,0.13189201921264423,75,10,0.13333333333333333,9.891901440948319
raw8_plus_PID20_4_shrink20,2,0.2,0.3,0.27728571461447066,139,42,0.302158273381295,38.54271433141142
raw8_plus_PID20_4_shrink20,2,0.3,0.4,,0,0,,0.0
raw8_plus_PID20_4_shrink20,2,0.4,0.5,,0,0,,0.0
raw8_plus_PID20_4_shrink20,2,0.5,0.6,,0,0,,0.0
raw8_plus_PID20_4_shrink20,2,0.6,0.7,,0,0,,0.0
raw8_plus_PID20_4_shrink20,2,0.7,0.8,,0,0,,0.0
raw8_plus_PID20_4_shrink20,2,0.8,0.9,0.8472463875825104,79,67,0.8481012658227848,66.93246461901832
raw8_plus_PID20_4_shrink20,2,0.9,1.0,0.9708484286131818,2153,2085,0.9684161634928008,2090.2366668041805
raw8_plus_PID20_4_shrink20,3,0.0,0.1,0.002539485518047813,6106,15,0.002456600065509335,15.506098573199948
raw8_plus_PID20_4_shrink20,3,0.1,0.2,0.19076751946607343,3,2,0.6666666666666666,0.5723025583982203
raw8_plus_PID20_4_shrink20,3,0.2,0.3,0.26536925619007357,32,10,0.3125,8.491816198082354
raw8_plus_PID20_4_shrink20,3,0.3,0.4,0.3482095426978809,31,8,0.25806451612903225,10.794495823634309
raw8_plus_PID20_4_shrink20,3,0.4,0.5,0.4096449390567038,3,0,0.0,1.2289348171701113
raw8_plus_PID20_4_shrink20,3,0.5,0.6,,0,0,,0.0
raw8_plus_PID20_4_shrink20,3,0.6,0.7,,0,0,,0.0
raw8_plus_PID20_4_shrink20,3,0.7,0.8,,0,0,,0.0
raw8_plus_PID20_4_shrink20,3,0.8,0.9,,0,0,,0.0
raw8_plus_PID20_4_shrink20,3,0.9,1.0,,0,0,,0.0
