schema_version,research_label,contract_id,source_sha256,spec_sha256,mapping_sha256,post_status_20,self_report_20,file_status_20,conflict_20,file_self_disagreement_20,post_status_22,self_report_22,file_status_22,conflict_22,file_self_disagreement_22,n,post_n,adult_w,post_w
1,LH270,LH-304,ee5ff210d535fc8e4443c98f967beee6e9e0da9995e4a502ae682a5bd2d33565,24ac016f6e3325f93747c4633b0134e8e6134707996d4fc6a30af2bd7180d570,06ee3f1606d8a49949c5425e3cdbfffd146c6e84167d703501e6ed5fb024a422,not_post,unknown,matched_no_record,False,False,not_post,unknown,matched_no_record,False,False,2,0,4.4774,0.0
1,LH270,LH-304,ee5ff210d535fc8e4443c98f967beee6e9e0da9995e4a502ae682a5bd2d33565,24ac016f6e3325f93747c4633b0134e8e6134707996d4fc6a30af2bd7180d570,06ee3f1606d8a49949c5425e3cdbfffd146c6e84167d703501e6ed5fb024a422,not_post,unknown,matched_no_record,False,False,not_post,unknown,unmatched,False,False,7,0,27.8724,0.0
1,LH270,LH-304,ee5ff210d535fc8e4443c98f967beee6e9e0da9995e4a502ae682a5bd2d33565,24ac016f6e3325f93747c4633b0134e8e6134707996d4fc6a30af2bd7180d570,06ee3f1606d8a49949c5425e3cdbfffd146c6e84167d703501e6ed5fb024a422,not_post,unknown,matched_no_record,False,False,not_post,unknown,voted,False,False,4,0,0.3906,0.0
1,LH270,LH-304,ee5ff210d535fc8e4443c98f967beee6e9e0da9995e4a502ae682a5bd2d33565,24ac016f6e3325f93747c4633b0134e8e6134707996d4fc6a30af2bd7180d570,06ee3f1606d8a49949c5425e3cdbfffd146c6e84167d703501e6ed5fb024a422,not_post,unknown,matched_no_record,False,False,post,no,matched_no_record,False,False,3,3,0.6075,0.1437
1,LH270,LH-304,ee5ff210d535fc8e4443c98f967beee6e9e0da9995e4a502ae682a5bd2d33565,24ac016f6e3325f93747c4633b0134e8e6134707996d4fc6a30af2bd7180d570,06ee3f1606d8a49949c5425e3cdbfffd146c6e84167d703501e6ed5fb024a422,not_post,unknown,matched_no_record,False,False,post,no,unmatched,False,False,3,3,1.3533000000000002,0.2329
1,LH270,LH-304,ee5ff210d535fc8e4443c98f967beee6e9e0da9995e4a502ae682a5bd2d33565,24ac016f6e3325f93747c4633b0134e8e6134707996d4fc6a30af2bd7180d570,06ee3f1606d8a49949c5425e3cdbfffd146c6e84167d703501e6ed5fb024a422,not_post,unknown,matched_no_record,False,False,post,unknown,matched_no_record,False,False,1,1,10.5926,9.4353
1,LH270,LH-304,ee5ff210d535fc8e4443c98f967beee6e9e0da9995e4a502ae682a5bd2d33565,24ac016f6e3325f93747c4633b0134e8e6134707996d4fc6a30af2bd7180d570,06ee3f1606d8a49949c5425e3cdbfffd146c6e84167d703501e6ed5fb024a422,not_post,unknown,matched_no_record,False,False,post,unknown,unmatched,False,False,11,11,35.493900000000004,30.5137
1,LH270,LH-304,ee5ff210d535fc8e4443c98f967beee6e9e0da9995e4a502ae682a5bd2d33565,24ac016f6e3325f93747c4633b0134e8e6134707996d4fc6a30af2bd7180d570,06ee3f1606d8a49949c5425e3cdbfffd146c6e84167d703501e6ed5fb024a422,not_post,unknown,matched_no_record,False,False,post,yes,matched_no_record,False,True,3,3,7.4917,7.4955
1,LH270,LH-304,ee5ff210d535fc8e4443c98f967beee6e9e0da9995e4a502ae682a5bd2d33565,24ac016f6e3325f93747c4633b0134e8e6134707996d4fc6a30af2bd7180d570,06ee3f1606d8a49949c5425e3cdbfffd146c6e84167d703501e6ed5fb024a422,not_post,unknown,matched_no_record,False,False,post,yes,unmatched,False,True,6,6,17.8827,26.7303
1,LH270,LH-304,ee5ff210d535fc8e4443c98f967beee6e9e0da9995e4a502ae682a5bd2d33565,24ac016f6e3325f93747c4633b0134e8e6134707996d4fc6a30af2bd7180d570,06ee3f1606d8a49949c5425e3cdbfffd146c6e84167d703501e6ed5fb024a422,not_post,unknown,matched_no_record,False,False,post,yes,voted,False,False,4,4,6.9319,6.7397
1,LH270,LH-304,ee5ff210d535fc8e4443c98f967beee6e9e0da9995e4a502ae682a5bd2d33565,24ac016f6e3325f93747c4633b0134e8e6134707996d4fc6a30af2bd7180d570,06ee3f1606d8a49949c5425e3cdbfffd146c6e84167d703501e6ed5fb024a422,not_post,unknown,unmatched,False,False,not_post,unknown,matched_no_record,False,False,2,0,0.7358,0.0
1,LH270,LH-304,ee5ff210d535fc8e4443c98f967beee6e9e0da9995e4a502ae682a5bd2d33565,24ac016f6e3325f93747c4633b0134e8e6134707996d4fc6a30af2bd7180d570,06ee3f1606d8a49949c5425e3cdbfffd146c6e84167d703501e6ed5fb024a422,not_post,unknown,unmatched,False,False,not_post,unknown,unmatched,False,False,12,0,45.1441,0.0
1,LH270,LH-304,ee5ff210d535fc8e4443c98f967beee6e9e0da9995e4a502ae682a5bd2d33565,24ac016f6e3325f93747c4633b0134e8e6134707996d4fc6a30af2bd7180d570,06ee3f1606d8a49949c5425e3cdbfffd146c6e84167d703501e6ed5fb024a422,not_post,unknown,unmatched,False,False,not_post,unknown,voted,False,False,4,0,0.7918,0.0
1,LH270,LH-304,ee5ff210d535fc8e4443c98f967beee6e9e0da9995e4a502ae682a5bd2d33565,24ac016f6e3325f93747c4633b0134e8e6134707996d4fc6a30af2bd7180d570,06ee3f1606d8a49949c5425e3cdbfffd146c6e84167d703501e6ed5fb024a422,not_post,unknown,unmatched,False,False,post,no,matched_no_record,False,False,2,2,0.9598,0.24980000000000002
1,LH270,LH-304,ee5ff210d535fc8e4443c98f967beee6e9e0da9995e4a502ae682a5bd2d33565,24ac016f6e3325f93747c4633b0134e8e6134707996d4fc6a30af2bd7180d570,06ee3f1606d8a49949c5425e3cdbfffd146c6e84167d703501e6ed5fb024a422,not_post,unknown,unmatched,False,False,post,no,unmatched,False,False,3,3,0.402,0.101
1,LH270,LH-304,ee5ff210d535fc8e4443c98f967beee6e9e0da9995e4a502ae682a5bd2d33565,24ac016f6e3325f93747c4633b0134e8e6134707996d4fc6a30af2bd7180d570,06ee3f1606d8a49949c5425e3cdbfffd146c6e84167d703501e6ed5fb024a422,not_post,unknown,unmatched,False,False,post,unknown,matched_no_record,False,False,2,2,8.0188,7.7447
1,LH270,LH-304,ee5ff210d535fc8e4443c98f967beee6e9e0da9995e4a502ae682a5bd2d33565,24ac016f6e3325f93747c4633b0134e8e6134707996d4fc6a30af2bd7180d570,06ee3f1606d8a49949c5425e3cdbfffd146c6e84167d703501e6ed5fb024a422,not_post,unknown,unmatched,False,False,post,unknown,unmatched,False,False,8,8,31.669800000000002,26.3689
1,LH270,LH-304,ee5ff210d535fc8e4443c98f967beee6e9e0da9995e4a502ae682a5bd2d33565,24ac016f6e3325f93747c4633b0134e8e6134707996d4fc6a30af2bd7180d570,06ee3f1606d8a49949c5425e3cdbfffd146c6e84167d703501e6ed5fb024a422,not_post,unknown,unmatched,False,False,post,unknown,voted,False,False,1,1,2.2797,4.6054
1,LH270,LH-304,ee5ff210d535fc8e4443c98f967beee6e9e0da9995e4a502ae682a5bd2d33565,24ac016f6e3325f93747c4633b0134e8e6134707996d4fc6a30af2bd7180d570,06ee3f1606d8a49949c5425e3cdbfffd146c6e84167d703501e6ed5fb024a422,not_post,unknown,unmatched,False,False,post,yes,matched_no_record,False,True,2,2,2.0488,2.6627
1,LH270,LH-304,ee5ff210d535fc8e4443c98f967beee6e9e0da9995e4a502ae682a5bd2d33565,24ac016f6e3325f93747c4633b0134e8e6134707996d4fc6a30af2bd7180d570,06ee3f1606d8a49949c5425e3cdbfffd146c6e84167d703501e6ed5fb024a422,not_post,unknown,unmatched,False,False,post,yes,unmatched,False,True,9,9,20.205000000000002,21.8182
1,LH270,LH-304,ee5ff210d535fc8e4443c98f967beee6e9e0da9995e4a502ae682a5bd2d33565,24ac016f6e3325f93747c4633b0134e8e6134707996d4fc6a30af2bd7180d570,06ee3f1606d8a49949c5425e3cdbfffd146c6e84167d703501e6ed5fb024a422,not_post,unknown,unmatched,False,False,post,yes,voted,False,False,5,5,5.9878,7.5931999999999995
1,LH270,LH-304,ee5ff210d535fc8e4443c98f967beee6e9e0da9995e4a502ae682a5bd2d33565,24ac016f6e3325f93747c4633b0134e8e6134707996d4fc6a30af2bd7180d570,06ee3f1606d8a49949c5425e3cdbfffd146c6e84167d703501e6ed5fb024a422,not_post,unknown,voted,False,False,not_post,unknown,matched_no_record,False,False,9,0,2.7562,0.0
1,LH270,LH-304,ee5ff210d535fc8e4443c98f967beee6e9e0da9995e4a502ae682a5bd2d33565,24ac016f6e3325f93747c4633b0134e8e6134707996d4fc6a30af2bd7180d570,06ee3f1606d8a49949c5425e3cdbfffd146c6e84167d703501e6ed5fb024a422,not_post,unknown,voted,False,False,not_post,unknown,unmatched,False,False,4,0,1.6151000000000002,0.0
1,LH270,LH-304,ee5ff210d535fc8e4443c98f967beee6e9e0da9995e4a502ae682a5bd2d33565,24ac016f6e3325f93747c4633b0134e8e6134707996d4fc6a30af2bd7180d570,06ee3f1606d8a49949c5425e3cdbfffd146c6e84167d703501e6ed5fb024a422,not_post,unknown,voted,False,False,not_post,unknown,voted,False,False,31,0,7.0008,0.0
1,LH270,LH-304,ee5ff210d535fc8e4443c98f967beee6e9e0da9995e4a502ae682a5bd2d33565,24ac016f6e3325f93747c4633b0134e8e6134707996d4fc6a30af2bd7180d570,06ee3f1606d8a49949c5425e3cdbfffd146c6e84167d703501e6ed5fb024a422,not_post,unknown,voted,False,False,post,no,matched_no_record,False,False,7,7,0.9244,0.1399
1,LH270,LH-304,ee5ff210d535fc8e4443c98f967beee6e9e0da9995e4a502ae682a5bd2d33565,24ac016f6e3325f93747c4633b0134e8e6134707996d4fc6a30af2bd7180d570,06ee3f1606d8a49949c5425e3cdbfffd146c6e84167d703501e6ed5fb024a422,not_post,unknown,voted,False,False,post,no,unmatched,False,False,2,2,0.5717,0.0645
1,LH270,LH-304,ee5ff210d535fc8e4443c98f967beee6e9e0da9995e4a502ae682a5bd2d33565,24ac016f6e3325f93747c4633b0134e8e6134707996d4fc6a30af2bd7180d570,06ee3f1606d8a49949c5425e3cdbfffd146c6e84167d703501e6ed5fb024a422,not_post,unknown,voted,False,False,post,unknown,unmatched,False,False,1,1,5.2159,2.0615
1,LH270,LH-304,ee5ff210d535fc8e4443c98f967beee6e9e0da9995e4a502ae682a5bd2d33565,24ac016f6e3325f93747c4633b0134e8e6134707996d4fc6a30af2bd7180d570,06ee3f1606d8a49949c5425e3cdbfffd146c6e84167d703501e6ed5fb024a422,not_post,unknown,voted,False,False,post,unknown,voted,False,False,1,1,0.171,0.0283
1,LH270,LH-304,ee5ff210d535fc8e4443c98f967beee6e9e0da9995e4a502ae682a5bd2d33565,24ac016f6e3325f93747c4633b0134e8e6134707996d4fc6a30af2bd7180d570,06ee3f1606d8a49949c5425e3cdbfffd146c6e84167d703501e6ed5fb024a422,not_post,unknown,voted,False,False,post,yes,matched_no_record,False,True,4,4,5.6161,6.6079
1,LH270,LH-304,ee5ff210d535fc8e4443c98f967beee6e9e0da9995e4a502ae682a5bd2d33565,24ac016f6e3325f93747c4633b0134e8e6134707996d4fc6a30af2bd7180d570,06ee3f1606d8a49949c5425e3cdbfffd146c6e84167d703501e6ed5fb024a422,not_post,unknown,voted,False,False,post,yes,unmatched,False,True,2,2,9.7816,11.6737
1,LH270,LH-304,ee5ff210d535fc8e4443c98f967beee6e9e0da9995e4a502ae682a5bd2d33565,24ac016f6e3325f93747c4633b0134e8e6134707996d4fc6a30af2bd7180d570,06ee3f1606d8a49949c5425e3cdbfffd146c6e84167d703501e6ed5fb024a422,not_post,unknown,voted,False,False,post,yes,unmatched,True,True,1,1,0.038,0.0041
1,LH270,LH-304,ee5ff210d535fc8e4443c98f967beee6e9e0da9995e4a502ae682a5bd2d33565,24ac016f6e3325f93747c4633b0134e8e6134707996d4fc6a30af2bd7180d570,06ee3f1606d8a49949c5425e3cdbfffd146c6e84167d703501e6ed5fb024a422,not_post,unknown,voted,False,False,post,yes,voted,False,False,46,46,68.2127,76.1431
1,LH270,LH-304,ee5ff210d535fc8e4443c98f967beee6e9e0da9995e4a502ae682a5bd2d33565,24ac016f6e3325f93747c4633b0134e8e6134707996d4fc6a30af2bd7180d570,06ee3f1606d8a49949c5425e3cdbfffd146c6e84167d703501e6ed5fb024a422,post,no,matched_no_record,False,False,not_post,unknown,matched_no_record,False,False,32,0,22.1333,0.0
1,LH270,LH-304,ee5ff210d535fc8e4443c98f967beee6e9e0da9995e4a502ae682a5bd2d33565,24ac016f6e3325f93747c4633b0134e8e6134707996d4fc6a30af2bd7180d570,06ee3f1606d8a49949c5425e3cdbfffd146c6e84167d703501e6ed5fb024a422,post,no,matched_no_record,False,False,not_post,unknown,unmatched,False,False,21,0,67.7904,0.0
1,LH270,LH-304,ee5ff210d535fc8e4443c98f967beee6e9e0da9995e4a502ae682a5bd2d33565,24ac016f6e3325f93747c4633b0134e8e6134707996d4fc6a30af2bd7180d570,06ee3f1606d8a49949c5425e3cdbfffd146c6e84167d703501e6ed5fb024a422,post,no,matched_no_record,False,False,not_post,unknown,voted,False,False,4,0,1.0643,0.0
1,LH270,LH-304,ee5ff210d535fc8e4443c98f967beee6e9e0da9995e4a502ae682a5bd2d33565,24ac016f6e3325f93747c4633b0134e8e6134707996d4fc6a30af2bd7180d570,06ee3f1606d8a49949c5425e3cdbfffd146c6e84167d703501e6ed5fb024a422,post,no,matched_no_record,False,False,post,no,matched_no_record,False,False,139,139,109.3355,53.1746
1,LH270,LH-304,ee5ff210d535fc8e4443c98f967beee6e9e0da9995e4a502ae682a5bd2d33565,24ac016f6e3325f93747c4633b0134e8e6134707996d4fc6a30af2bd7180d570,06ee3f1606d8a49949c5425e3cdbfffd146c6e84167d703501e6ed5fb024a422,post,no,matched_no_record,False,False,post,no,unmatched,False,False,64,64,64.4746,32.8204
1,LH270,LH-304,ee5ff210d535fc8e4443c98f967beee6e9e0da9995e4a502ae682a5bd2d33565,24ac016f6e3325f93747c4633b0134e8e6134707996d4fc6a30af2bd7180d570,06ee3f1606d8a49949c5425e3cdbfffd146c6e84167d703501e6ed5fb024a422,post,no,matched_no_record,False,False,post,no,unmatched,True,False,1,1,3.3568,5.0713
1,LH270,LH-304,ee5ff210d535fc8e4443c98f967beee6e9e0da9995e4a502ae682a5bd2d33565,24ac016f6e3325f93747c4633b0134e8e6134707996d4fc6a30af2bd7180d570,06ee3f1606d8a49949c5425e3cdbfffd146c6e84167d703501e6ed5fb024a422,post,no,matched_no_record,False,False,post,no,voted,False,True,6,6,7.0354,4.4242
1,LH270,LH-304,ee5ff210d535fc8e4443c98f967beee6e9e0da9995e4a502ae682a5bd2d33565,24ac016f6e3325f93747c4633b0134e8e6134707996d4fc6a30af2bd7180d570,06ee3f1606d8a49949c5425e3cdbfffd146c6e84167d703501e6ed5fb024a422,post,no,matched_no_record,False,False,post,unknown,matched_no_record,False,False,9,9,27.6525,24.0934
1,LH270,LH-304,ee5ff210d535fc8e4443c98f967beee6e9e0da9995e4a502ae682a5bd2d33565,24ac016f6e3325f93747c4633b0134e8e6134707996d4fc6a30af2bd7180d570,06ee3f1606d8a49949c5425e3cdbfffd146c6e84167d703501e6ed5fb024a422,post,no,matched_no_record,False,False,post,unknown,unmatched,False,False,9,9,30.2574,24.744
1,LH270,LH-304,ee5ff210d535fc8e4443c98f967beee6e9e0da9995e4a502ae682a5bd2d33565,24ac016f6e3325f93747c4633b0134e8e6134707996d4fc6a30af2bd7180d570,06ee3f1606d8a49949c5425e3cdbfffd146c6e84167d703501e6ed5fb024a422,post,no,matched_no_record,False,False,post,unknown,voted,False,False,1,1,0.2676,0.0345
1,LH270,LH-304,ee5ff210d535fc8e4443c98f967beee6e9e0da9995e4a502ae682a5bd2d33565,24ac016f6e3325f93747c4633b0134e8e6134707996d4fc6a30af2bd7180d570,06ee3f1606d8a49949c5425e3cdbfffd146c6e84167d703501e6ed5fb024a422,post,no,matched_no_record,False,False,post,yes,matched_no_record,False,True,13,13,33.5045,41.314
1,LH270,LH-304,ee5ff210d535fc8e4443c98f967beee6e9e0da9995e4a502ae682a5bd2d33565,24ac016f6e3325f93747c4633b0134e8e6134707996d4fc6a30af2bd7180d570,06ee3f1606d8a49949c5425e3cdbfffd146c6e84167d703501e6ed5fb024a422,post,no,matched_no_record,False,False,post,yes,unmatched,False,True,18,18,83.3183,115.897
1,LH270,LH-304,ee5ff210d535fc8e4443c98f967beee6e9e0da9995e4a502ae682a5bd2d33565,24ac016f6e3325f93747c4633b0134e8e6134707996d4fc6a30af2bd7180d570,06ee3f1606d8a49949c5425e3cdbfffd146c6e84167d703501e6ed5fb024a422,post,no,matched_no_record,False,False,post,yes,voted,False,False,59,59,182.2996,234.2434
1,LH270,LH-304,ee5ff210d535fc8e4443c98f967beee6e9e0da9995e4a502ae682a5bd2d33565,24ac016f6e3325f93747c4633b0134e8e6134707996d4fc6a30af2bd7180d570,06ee3f1606d8a49949c5425e3cdbfffd146c6e84167d703501e6ed5fb024a422,post,no,matched_no_record,True,False,post,no,matched_no_record,False,False,1,1,0.0152,0.0014
1,LH270,LH-304,ee5ff210d535fc8e4443c98f967beee6e9e0da9995e4a502ae682a5bd2d33565,24ac016f6e3325f93747c4633b0134e8e6134707996d4fc6a30af2bd7180d570,06ee3f1606d8a49949c5425e3cdbfffd146c6e84167d703501e6ed5fb024a422,post,no,unmatched,False,False,not_post,unknown,matched_no_record,False,False,3,0,1.2737,0.0
1,LH270,LH-304,ee5ff210d535fc8e4443c98f967beee6e9e0da9995e4a502ae682a5bd2d33565,24ac016f6e3325f93747c4633b0134e8e6134707996d4fc6a30af2bd7180d570,06ee3f1606d8a49949c5425e3cdbfffd146c6e84167d703501e6ed5fb024a422,post,no,unmatched,False,False,not_post,unknown,unmatched,False,False,7,0,35.7721,0.0
1,LH270,LH-304,ee5ff210d535fc8e4443c98f967beee6e9e0da9995e4a502ae682a5bd2d33565,24ac016f6e3325f93747c4633b0134e8e6134707996d4fc6a30af2bd7180d570,06ee3f1606d8a49949c5425e3cdbfffd146c6e84167d703501e6ed5fb024a422,post,no,unmatched,False,False,not_post,unknown,voted,False,False,2,0,3.9958,0.0
1,LH270,LH-304,ee5ff210d535fc8e4443c98f967beee6e9e0da9995e4a502ae682a5bd2d33565,24ac016f6e3325f93747c4633b0134e8e6134707996d4fc6a30af2bd7180d570,06ee3f1606d8a49949c5425e3cdbfffd146c6e84167d703501e6ed5fb024a422,post,no,unmatched,False,False,post,no,matched_no_record,False,False,7,7,13.9061,12.3277
1,LH270,LH-304,ee5ff210d535fc8e4443c98f967beee6e9e0da9995e4a502ae682a5bd2d33565,24ac016f6e3325f93747c4633b0134e8e6134707996d4fc6a30af2bd7180d570,06ee3f1606d8a49949c5425e3cdbfffd146c6e84167d703501e6ed5fb024a422,post,no,unmatched,False,False,post,no,unmatched,False,False,16,16,26.7762,20.8859
1,LH270,LH-304,ee5ff210d535fc8e4443c98f967beee6e9e0da9995e4a502ae682a5bd2d33565,24ac016f6e3325f93747c4633b0134e8e6134707996d4fc6a30af2bd7180d570,06ee3f1606d8a49949c5425e3cdbfffd146c6e84167d703501e6ed5fb024a422,post,no,unmatched,False,False,post,no,voted,False,True,3,3,3.561,3.4056
1,LH270,LH-304,ee5ff210d535fc8e4443c98f967beee6e9e0da9995e4a502ae682a5bd2d33565,24ac016f6e3325f93747c4633b0134e8e6134707996d4fc6a30af2bd7180d570,06ee3f1606d8a49949c5425e3cdbfffd146c6e84167d703501e6ed5fb024a422,post,no,unmatched,False,False,post,unknown,matched_no_record,False,False,1,1,2.0136,2.0512
1,LH270,LH-304,ee5ff210d535fc8e4443c98f967beee6e9e0da9995e4a502ae682a5bd2d33565,24ac016f6e3325f93747c4633b0134e8e6134707996d4fc6a30af2bd7180d570,06ee3f1606d8a49949c5425e3cdbfffd146c6e84167d703501e6ed5fb024a422,post,no,unmatched,False,False,post,unknown,unmatched,False,False,6,6,28.1066,23.8093
1,LH270,LH-304,ee5ff210d535fc8e4443c98f967beee6e9e0da9995e4a502ae682a5bd2d33565,24ac016f6e3325f93747c4633b0134e8e6134707996d4fc6a30af2bd7180d570,06ee3f1606d8a49949c5425e3cdbfffd146c6e84167d703501e6ed5fb024a422,post,no,unmatched,False,False,post,yes,matched_no_record,False,True,2,2,12.2702,11.8287
1,LH270,LH-304,ee5ff210d535fc8e4443c98f967beee6e9e0da9995e4a502ae682a5bd2d33565,24ac016f6e3325f93747c4633b0134e8e6134707996d4fc6a30af2bd7180d570,06ee3f1606d8a49949c5425e3cdbfffd146c6e84167d703501e6ed5fb024a422,post,no,unmatched,False,False,post,yes,unmatched,False,True,11,11,26.6981,35.629400000000004
1,LH270,LH-304,ee5ff210d535fc8e4443c98f967beee6e9e0da9995e4a502ae682a5bd2d33565,24ac016f6e3325f93747c4633b0134e8e6134707996d4fc6a30af2bd7180d570,06ee3f1606d8a49949c5425e3cdbfffd146c6e84167d703501e6ed5fb024a422,post,no,unmatched,False,False,post,yes,voted,False,False,9,9,19.4244,28.0047
1,LH270,LH-304,ee5ff210d535fc8e4443c98f967beee6e9e0da9995e4a502ae682a5bd2d33565,24ac016f6e3325f93747c4633b0134e8e6134707996d4fc6a30af2bd7180d570,06ee3f1606d8a49949c5425e3cdbfffd146c6e84167d703501e6ed5fb024a422,post,no,unmatched,True,False,not_post,unknown,unmatched,False,False,1,0,0.7771,0.0
1,LH270,LH-304,ee5ff210d535fc8e4443c98f967beee6e9e0da9995e4a502ae682a5bd2d33565,24ac016f6e3325f93747c4633b0134e8e6134707996d4fc6a30af2bd7180d570,06ee3f1606d8a49949c5425e3cdbfffd146c6e84167d703501e6ed5fb024a422,post,no,voted,False,True,not_post,unknown,matched_no_record,False,False,1,0,0.0814,0.0
1,LH270,LH-304,ee5ff210d535fc8e4443c98f967beee6e9e0da9995e4a502ae682a5bd2d33565,24ac016f6e3325f93747c4633b0134e8e6134707996d4fc6a30af2bd7180d570,06ee3f1606d8a49949c5425e3cdbfffd146c6e84167d703501e6ed5fb024a422,post,no,voted,False,True,not_post,unknown,voted,False,False,2,0,1.6186,0.0
1,LH270,LH-304,ee5ff210d535fc8e4443c98f967beee6e9e0da9995e4a502ae682a5bd2d33565,24ac016f6e3325f93747c4633b0134e8e6134707996d4fc6a30af2bd7180d570,06ee3f1606d8a49949c5425e3cdbfffd146c6e84167d703501e6ed5fb024a422,post,no,voted,False,True,post,no,matched_no_record,False,False,6,6,1.7518,0.4455
1,LH270,LH-304,ee5ff210d535fc8e4443c98f967beee6e9e0da9995e4a502ae682a5bd2d33565,24ac016f6e3325f93747c4633b0134e8e6134707996d4fc6a30af2bd7180d570,06ee3f1606d8a49949c5425e3cdbfffd146c6e84167d703501e6ed5fb024a422,post,no,voted,False,True,post,no,unmatched,False,False,1,1,0.1148,0.0162
1,LH270,LH-304,ee5ff210d535fc8e4443c98f967beee6e9e0da9995e4a502ae682a5bd2d33565,24ac016f6e3325f93747c4633b0134e8e6134707996d4fc6a30af2bd7180d570,06ee3f1606d8a49949c5425e3cdbfffd146c6e84167d703501e6ed5fb024a422,post,no,voted,False,True,post,no,voted,False,True,6,6,13.216600000000001,5.2974
1,LH270,LH-304,ee5ff210d535fc8e4443c98f967beee6e9e0da9995e4a502ae682a5bd2d33565,24ac016f6e3325f93747c4633b0134e8e6134707996d4fc6a30af2bd7180d570,06ee3f1606d8a49949c5425e3cdbfffd146c6e84167d703501e6ed5fb024a422,post,no,voted,False,True,post,unknown,unmatched,False,False,1,1,10.8459,11.2363
1,LH270,LH-304,ee5ff210d535fc8e4443c98f967beee6e9e0da9995e4a502ae682a5bd2d33565,24ac016f6e3325f93747c4633b0134e8e6134707996d4fc6a30af2bd7180d570,06ee3f1606d8a49949c5425e3cdbfffd146c6e84167d703501e6ed5fb024a422,post,no,voted,False,True,post,yes,matched_no_record,False,True,5,5,5.7090000000000005,12.5681
1,LH270,LH-304,ee5ff210d535fc8e4443c98f967beee6e9e0da9995e4a502ae682a5bd2d33565,24ac016f6e3325f93747c4633b0134e8e6134707996d4fc6a30af2bd7180d570,06ee3f1606d8a49949c5425e3cdbfffd146c6e84167d703501e6ed5fb024a422,post,no,voted,False,True,post,yes,unmatched,False,True,1,1,1.4225,1.3715
1,LH270,LH-304,ee5ff210d535fc8e4443c98f967beee6e9e0da9995e4a502ae682a5bd2d33565,24ac016f6e3325f93747c4633b0134e8e6134707996d4fc6a30af2bd7180d570,06ee3f1606d8a49949c5425e3cdbfffd146c6e84167d703501e6ed5fb024a422,post,no,voted,False,True,post,yes,voted,False,False,15,15,14.8214,16.912
1,LH270,LH-304,ee5ff210d535fc8e4443c98f967beee6e9e0da9995e4a502ae682a5bd2d33565,24ac016f6e3325f93747c4633b0134e8e6134707996d4fc6a30af2bd7180d570,06ee3f1606d8a49949c5425e3cdbfffd146c6e84167d703501e6ed5fb024a422,post,unknown,matched_no_record,False,False,not_post,unknown,matched_no_record,False,False,3,0,6.4061,0.0
1,LH270,LH-304,ee5ff210d535fc8e4443c98f967beee6e9e0da9995e4a502ae682a5bd2d33565,24ac016f6e3325f93747c4633b0134e8e6134707996d4fc6a30af2bd7180d570,06ee3f1606d8a49949c5425e3cdbfffd146c6e84167d703501e6ed5fb024a422,post,unknown,matched_no_record,False,False,not_post,unknown,unmatched,False,False,30,0,85.9951,0.0
1,LH270,LH-304,ee5ff210d535fc8e4443c98f967beee6e9e0da9995e4a502ae682a5bd2d33565,24ac016f6e3325f93747c4633b0134e8e6134707996d4fc6a30af2bd7180d570,06ee3f1606d8a49949c5425e3cdbfffd146c6e84167d703501e6ed5fb024a422,post,unknown,matched_no_record,False,False,not_post,unknown,voted,False,False,2,0,1.2943,0.0
1,LH270,LH-304,ee5ff210d535fc8e4443c98f967beee6e9e0da9995e4a502ae682a5bd2d33565,24ac016f6e3325f93747c4633b0134e8e6134707996d4fc6a30af2bd7180d570,06ee3f1606d8a49949c5425e3cdbfffd146c6e84167d703501e6ed5fb024a422,post,unknown,matched_no_record,False,False,post,no,matched_no_record,False,False,9,9,21.4464,13.8359
1,LH270,LH-304,ee5ff210d535fc8e4443c98f967beee6e9e0da9995e4a502ae682a5bd2d33565,24ac016f6e3325f93747c4633b0134e8e6134707996d4fc6a30af2bd7180d570,06ee3f1606d8a49949c5425e3cdbfffd146c6e84167d703501e6ed5fb024a422,post,unknown,matched_no_record,False,False,post,no,unmatched,False,False,10,10,21.3131,20.0611
1,LH270,LH-304,ee5ff210d535fc8e4443c98f967beee6e9e0da9995e4a502ae682a5bd2d33565,24ac016f6e3325f93747c4633b0134e8e6134707996d4fc6a30af2bd7180d570,06ee3f1606d8a49949c5425e3cdbfffd146c6e84167d703501e6ed5fb024a422,post,unknown,matched_no_record,False,False,post,unknown,matched_no_record,False,False,13,13,53.0935,42.878
1,LH270,LH-304,ee5ff210d535fc8e4443c98f967beee6e9e0da9995e4a502ae682a5bd2d33565,24ac016f6e3325f93747c4633b0134e8e6134707996d4fc6a30af2bd7180d570,06ee3f1606d8a49949c5425e3cdbfffd146c6e84167d703501e6ed5fb024a422,post,unknown,matched_no_record,False,False,post,unknown,unmatched,False,False,202,202,763.6973,626.629
1,LH270,LH-304,ee5ff210d535fc8e4443c98f967beee6e9e0da9995e4a502ae682a5bd2d33565,24ac016f6e3325f93747c4633b0134e8e6134707996d4fc6a30af2bd7180d570,06ee3f1606d8a49949c5425e3cdbfffd146c6e84167d703501e6ed5fb024a422,post,unknown,matched_no_record,False,False,post,unknown,voted,False,False,3,3,12.1232,7.9243999999999994
1,LH270,LH-304,ee5ff210d535fc8e4443c98f967beee6e9e0da9995e4a502ae682a5bd2d33565,24ac016f6e3325f93747c4633b0134e8e6134707996d4fc6a30af2bd7180d570,06ee3f1606d8a49949c5425e3cdbfffd146c6e84167d703501e6ed5fb024a422,post,unknown,matched_no_record,False,False,post,yes,matched_no_record,False,True,2,2,1.7724,3.5576
1,LH270,LH-304,ee5ff210d535fc8e4443c98f967beee6e9e0da9995e4a502ae682a5bd2d33565,24ac016f6e3325f93747c4633b0134e8e6134707996d4fc6a30af2bd7180d570,06ee3f1606d8a49949c5425e3cdbfffd146c6e84167d703501e6ed5fb024a422,post,unknown,matched_no_record,False,False,post,yes,unmatched,False,True,3,3,7.0177000000000005,8.4715
1,LH270,LH-304,ee5ff210d535fc8e4443c98f967beee6e9e0da9995e4a502ae682a5bd2d33565,24ac016f6e3325f93747c4633b0134e8e6134707996d4fc6a30af2bd7180d570,06ee3f1606d8a49949c5425e3cdbfffd146c6e84167d703501e6ed5fb024a422,post,unknown,matched_no_record,False,False,post,yes,voted,False,False,16,16,48.6215,63.0026
1,LH270,LH-304,ee5ff210d535fc8e4443c98f967beee6e9e0da9995e4a502ae682a5bd2d33565,24ac016f6e3325f93747c4633b0134e8e6134707996d4fc6a30af2bd7180d570,06ee3f1606d8a49949c5425e3cdbfffd146c6e84167d703501e6ed5fb024a422,post,unknown,unmatched,False,False,not_post,unknown,matched_no_record,False,False,3,0,2.2870999999999997,0.0
1,LH270,LH-304,ee5ff210d535fc8e4443c98f967beee6e9e0da9995e4a502ae682a5bd2d33565,24ac016f6e3325f93747c4633b0134e8e6134707996d4fc6a30af2bd7180d570,06ee3f1606d8a49949c5425e3cdbfffd146c6e84167d703501e6ed5fb024a422,post,unknown,unmatched,False,False,not_post,unknown,unmatched,False,False,24,0,95.1986,0.0
1,LH270,LH-304,ee5ff210d535fc8e4443c98f967beee6e9e0da9995e4a502ae682a5bd2d33565,24ac016f6e3325f93747c4633b0134e8e6134707996d4fc6a30af2bd7180d570,06ee3f1606d8a49949c5425e3cdbfffd146c6e84167d703501e6ed5fb024a422,post,unknown,unmatched,False,False,not_post,unknown,voted,False,False,1,0,0.3865,0.0
1,LH270,LH-304,ee5ff210d535fc8e4443c98f967beee6e9e0da9995e4a502ae682a5bd2d33565,24ac016f6e3325f93747c4633b0134e8e6134707996d4fc6a30af2bd7180d570,06ee3f1606d8a49949c5425e3cdbfffd146c6e84167d703501e6ed5fb024a422,post,unknown,unmatched,False,False,post,no,matched_no_record,False,False,3,3,0.9774,0.3711
1,LH270,LH-304,ee5ff210d535fc8e4443c98f967beee6e9e0da9995e4a502ae682a5bd2d33565,24ac016f6e3325f93747c4633b0134e8e6134707996d4fc6a30af2bd7180d570,06ee3f1606d8a49949c5425e3cdbfffd146c6e84167d703501e6ed5fb024a422,post,unknown,unmatched,False,False,post,no,unmatched,False,False,11,11,18.2797,14.6101
1,LH270,LH-304,ee5ff210d535fc8e4443c98f967beee6e9e0da9995e4a502ae682a5bd2d33565,24ac016f6e3325f93747c4633b0134e8e6134707996d4fc6a30af2bd7180d570,06ee3f1606d8a49949c5425e3cdbfffd146c6e84167d703501e6ed5fb024a422,post,unknown,unmatched,False,False,post,unknown,matched_no_record,False,False,12,12,63.8038,57.6417
1,LH270,LH-304,ee5ff210d535fc8e4443c98f967beee6e9e0da9995e4a502ae682a5bd2d33565,24ac016f6e3325f93747c4633b0134e8e6134707996d4fc6a30af2bd7180d570,06ee3f1606d8a49949c5425e3cdbfffd146c6e84167d703501e6ed5fb024a422,post,unknown,unmatched,False,False,post,unknown,unmatched,False,False,141,141,656.7316,554.7424
1,LH270,LH-304,ee5ff210d535fc8e4443c98f967beee6e9e0da9995e4a502ae682a5bd2d33565,24ac016f6e3325f93747c4633b0134e8e6134707996d4fc6a30af2bd7180d570,06ee3f1606d8a49949c5425e3cdbfffd146c6e84167d703501e6ed5fb024a422,post,unknown,unmatched,False,False,post,unknown,voted,False,False,6,6,17.4546,15.030899999999999
1,LH270,LH-304,ee5ff210d535fc8e4443c98f967beee6e9e0da9995e4a502ae682a5bd2d33565,24ac016f6e3325f93747c4633b0134e8e6134707996d4fc6a30af2bd7180d570,06ee3f1606d8a49949c5425e3cdbfffd146c6e84167d703501e6ed5fb024a422,post,unknown,unmatched,False,False,post,yes,unmatched,False,True,9,9,41.1708,48.9316
1,LH270,LH-304,ee5ff210d535fc8e4443c98f967beee6e9e0da9995e4a502ae682a5bd2d33565,24ac016f6e3325f93747c4633b0134e8e6134707996d4fc6a30af2bd7180d570,06ee3f1606d8a49949c5425e3cdbfffd146c6e84167d703501e6ed5fb024a422,post,unknown,unmatched,False,False,post,yes,voted,False,False,17,17,56.4238,85.4487
1,LH270,LH-304,ee5ff210d535fc8e4443c98f967beee6e9e0da9995e4a502ae682a5bd2d33565,24ac016f6e3325f93747c4633b0134e8e6134707996d4fc6a30af2bd7180d570,06ee3f1606d8a49949c5425e3cdbfffd146c6e84167d703501e6ed5fb024a422,post,unknown,voted,False,False,post,no,matched_no_record,False,False,3,3,0.9102,0.2331
1,LH270,LH-304,ee5ff210d535fc8e4443c98f967beee6e9e0da9995e4a502ae682a5bd2d33565,24ac016f6e3325f93747c4633b0134e8e6134707996d4fc6a30af2bd7180d570,06ee3f1606d8a49949c5425e3cdbfffd146c6e84167d703501e6ed5fb024a422,post,unknown,voted,False,False,post,unknown,unmatched,False,False,10,10,36.5015,36.057
1,LH270,LH-304,ee5ff210d535fc8e4443c98f967beee6e9e0da9995e4a502ae682a5bd2d33565,24ac016f6e3325f93747c4633b0134e8e6134707996d4fc6a30af2bd7180d570,06ee3f1606d8a49949c5425e3cdbfffd146c6e84167d703501e6ed5fb024a422,post,unknown,voted,False,False,post,yes,unmatched,False,True,1,1,0.2155,0.1664
1,LH270,LH-304,ee5ff210d535fc8e4443c98f967beee6e9e0da9995e4a502ae682a5bd2d33565,24ac016f6e3325f93747c4633b0134e8e6134707996d4fc6a30af2bd7180d570,06ee3f1606d8a49949c5425e3cdbfffd146c6e84167d703501e6ed5fb024a422,post,unknown,voted,False,False,post,yes,voted,False,False,6,6,19.2173,25.6566
1,LH270,LH-304,ee5ff210d535fc8e4443c98f967beee6e9e0da9995e4a502ae682a5bd2d33565,24ac016f6e3325f93747c4633b0134e8e6134707996d4fc6a30af2bd7180d570,06ee3f1606d8a49949c5425e3cdbfffd146c6e84167d703501e6ed5fb024a422,post,yes,matched_no_record,False,True,not_post,unknown,matched_no_record,False,False,24,0,4.0443,0.0
1,LH270,LH-304,ee5ff210d535fc8e4443c98f967beee6e9e0da9995e4a502ae682a5bd2d33565,24ac016f6e3325f93747c4633b0134e8e6134707996d4fc6a30af2bd7180d570,06ee3f1606d8a49949c5425e3cdbfffd146c6e84167d703501e6ed5fb024a422,post,yes,matched_no_record,False,True,not_post,unknown,unmatched,False,False,26,0,5.651800000000001,0.0
1,LH270,LH-304,ee5ff210d535fc8e4443c98f967beee6e9e0da9995e4a502ae682a5bd2d33565,24ac016f6e3325f93747c4633b0134e8e6134707996d4fc6a30af2bd7180d570,06ee3f1606d8a49949c5425e3cdbfffd146c6e84167d703501e6ed5fb024a422,post,yes,matched_no_record,False,True,not_post,unknown,voted,False,False,39,0,7.1865,0.0
1,LH270,LH-304,ee5ff210d535fc8e4443c98f967beee6e9e0da9995e4a502ae682a5bd2d33565,24ac016f6e3325f93747c4633b0134e8e6134707996d4fc6a30af2bd7180d570,06ee3f1606d8a49949c5425e3cdbfffd146c6e84167d703501e6ed5fb024a422,post,yes,matched_no_record,False,True,post,no,matched_no_record,False,False,39,39,5.0065,0.7477
1,LH270,LH-304,ee5ff210d535fc8e4443c98f967beee6e9e0da9995e4a502ae682a5bd2d33565,24ac016f6e3325f93747c4633b0134e8e6134707996d4fc6a30af2bd7180d570,06ee3f1606d8a49949c5425e3cdbfffd146c6e84167d703501e6ed5fb024a422,post,yes,matched_no_record,False,True,post,no,unmatched,False,False,30,30,7.5204,1.8521
1,LH270,LH-304,ee5ff210d535fc8e4443c98f967beee6e9e0da9995e4a502ae682a5bd2d33565,24ac016f6e3325f93747c4633b0134e8e6134707996d4fc6a30af2bd7180d570,06ee3f1606d8a49949c5425e3cdbfffd146c6e84167d703501e6ed5fb024a422,post,yes,matched_no_record,False,True,post,no,voted,False,True,2,2,0.9727,0.6196
1,LH270,LH-304,ee5ff210d535fc8e4443c98f967beee6e9e0da9995e4a502ae682a5bd2d33565,24ac016f6e3325f93747c4633b0134e8e6134707996d4fc6a30af2bd7180d570,06ee3f1606d8a49949c5425e3cdbfffd146c6e84167d703501e6ed5fb024a422,post,yes,matched_no_record,False,True,post,unknown,matched_no_record,False,False,1,1,0.6198,0.5664
1,LH270,LH-304,ee5ff210d535fc8e4443c98f967beee6e9e0da9995e4a502ae682a5bd2d33565,24ac016f6e3325f93747c4633b0134e8e6134707996d4fc6a30af2bd7180d570,06ee3f1606d8a49949c5425e3cdbfffd146c6e84167d703501e6ed5fb024a422,post,yes,matched_no_record,False,True,post,unknown,unmatched,False,False,3,3,13.2676,7.0501000000000005
1,LH270,LH-304,ee5ff210d535fc8e4443c98f967beee6e9e0da9995e4a502ae682a5bd2d33565,24ac016f6e3325f93747c4633b0134e8e6134707996d4fc6a30af2bd7180d570,06ee3f1606d8a49949c5425e3cdbfffd146c6e84167d703501e6ed5fb024a422,post,yes,matched_no_record,False,True,post,yes,matched_no_record,False,True,95,95,106.9266,97.75750000000001
1,LH270,LH-304,ee5ff210d535fc8e4443c98f967beee6e9e0da9995e4a502ae682a5bd2d33565,24ac016f6e3325f93747c4633b0134e8e6134707996d4fc6a30af2bd7180d570,06ee3f1606d8a49949c5425e3cdbfffd146c6e84167d703501e6ed5fb024a422,post,yes,matched_no_record,False,True,post,yes,unmatched,False,True,146,146,144.2648,161.9641
1,LH270,LH-304,ee5ff210d535fc8e4443c98f967beee6e9e0da9995e4a502ae682a5bd2d33565,24ac016f6e3325f93747c4633b0134e8e6134707996d4fc6a30af2bd7180d570,06ee3f1606d8a49949c5425e3cdbfffd146c6e84167d703501e6ed5fb024a422,post,yes,matched_no_record,False,True,post,yes,voted,False,False,286,286,288.5109,273.1601
1,LH270,LH-304,ee5ff210d535fc8e4443c98f967beee6e9e0da9995e4a502ae682a5bd2d33565,24ac016f6e3325f93747c4633b0134e8e6134707996d4fc6a30af2bd7180d570,06ee3f1606d8a49949c5425e3cdbfffd146c6e84167d703501e6ed5fb024a422,post,yes,matched_no_record,True,True,not_post,unknown,matched_no_record,False,False,1,0,0.0503,0.0
1,LH270,LH-304,ee5ff210d535fc8e4443c98f967beee6e9e0da9995e4a502ae682a5bd2d33565,24ac016f6e3325f93747c4633b0134e8e6134707996d4fc6a30af2bd7180d570,06ee3f1606d8a49949c5425e3cdbfffd146c6e84167d703501e6ed5fb024a422,post,yes,matched_no_record,True,True,post,no,unmatched,False,False,1,1,0.0348,0.0051
1,LH270,LH-304,ee5ff210d535fc8e4443c98f967beee6e9e0da9995e4a502ae682a5bd2d33565,24ac016f6e3325f93747c4633b0134e8e6134707996d4fc6a30af2bd7180d570,06ee3f1606d8a49949c5425e3cdbfffd146c6e84167d703501e6ed5fb024a422,post,yes,matched_no_record,True,True,post,yes,matched_no_record,False,True,3,3,1.089,1.2228999999999999
1,LH270,LH-304,ee5ff210d535fc8e4443c98f967beee6e9e0da9995e4a502ae682a5bd2d33565,24ac016f6e3325f93747c4633b0134e8e6134707996d4fc6a30af2bd7180d570,06ee3f1606d8a49949c5425e3cdbfffd146c6e84167d703501e6ed5fb024a422,post,yes,matched_no_record,True,True,post,yes,voted,False,False,2,2,0.5935,0.4812
1,LH270,LH-304,ee5ff210d535fc8e4443c98f967beee6e9e0da9995e4a502ae682a5bd2d33565,24ac016f6e3325f93747c4633b0134e8e6134707996d4fc6a30af2bd7180d570,06ee3f1606d8a49949c5425e3cdbfffd146c6e84167d703501e6ed5fb024a422,post,yes,unmatched,False,True,not_post,unknown,matched_no_record,False,False,7,0,2.6038,0.0
1,LH270,LH-304,ee5ff210d535fc8e4443c98f967beee6e9e0da9995e4a502ae682a5bd2d33565,24ac016f6e3325f93747c4633b0134e8e6134707996d4fc6a30af2bd7180d570,06ee3f1606d8a49949c5425e3cdbfffd146c6e84167d703501e6ed5fb024a422,post,yes,unmatched,False,True,not_post,unknown,unmatched,False,False,44,0,6.1178,0.0
1,LH270,LH-304,ee5ff210d535fc8e4443c98f967beee6e9e0da9995e4a502ae682a5bd2d33565,24ac016f6e3325f93747c4633b0134e8e6134707996d4fc6a30af2bd7180d570,06ee3f1606d8a49949c5425e3cdbfffd146c6e84167d703501e6ed5fb024a422,post,yes,unmatched,False,True,not_post,unknown,voted,False,False,37,0,4.0132,0.0
1,LH270,LH-304,ee5ff210d535fc8e4443c98f967beee6e9e0da9995e4a502ae682a5bd2d33565,24ac016f6e3325f93747c4633b0134e8e6134707996d4fc6a30af2bd7180d570,06ee3f1606d8a49949c5425e3cdbfffd146c6e84167d703501e6ed5fb024a422,post,yes,unmatched,False,True,post,no,matched_no_record,False,False,22,22,2.3946,0.3714
1,LH270,LH-304,ee5ff210d535fc8e4443c98f967beee6e9e0da9995e4a502ae682a5bd2d33565,24ac016f6e3325f93747c4633b0134e8e6134707996d4fc6a30af2bd7180d570,06ee3f1606d8a49949c5425e3cdbfffd146c6e84167d703501e6ed5fb024a422,post,yes,unmatched,False,True,post,no,unmatched,False,False,14,14,4.9094,0.735
1,LH270,LH-304,ee5ff210d535fc8e4443c98f967beee6e9e0da9995e4a502ae682a5bd2d33565,24ac016f6e3325f93747c4633b0134e8e6134707996d4fc6a30af2bd7180d570,06ee3f1606d8a49949c5425e3cdbfffd146c6e84167d703501e6ed5fb024a422,post,yes,unmatched,False,True,post,no,voted,False,True,3,3,0.1642,0.0213
1,LH270,LH-304,ee5ff210d535fc8e4443c98f967beee6e9e0da9995e4a502ae682a5bd2d33565,24ac016f6e3325f93747c4633b0134e8e6134707996d4fc6a30af2bd7180d570,06ee3f1606d8a49949c5425e3cdbfffd146c6e84167d703501e6ed5fb024a422,post,yes,unmatched,False,True,post,unknown,unmatched,False,False,4,4,20.412399999999998,12.097
1,LH270,LH-304,ee5ff210d535fc8e4443c98f967beee6e9e0da9995e4a502ae682a5bd2d33565,24ac016f6e3325f93747c4633b0134e8e6134707996d4fc6a30af2bd7180d570,06ee3f1606d8a49949c5425e3cdbfffd146c6e84167d703501e6ed5fb024a422,post,yes,unmatched,False,True,post,unknown,voted,False,False,1,1,0.0624,0.0107
1,LH270,LH-304,ee5ff210d535fc8e4443c98f967beee6e9e0da9995e4a502ae682a5bd2d33565,24ac016f6e3325f93747c4633b0134e8e6134707996d4fc6a30af2bd7180d570,06ee3f1606d8a49949c5425e3cdbfffd146c6e84167d703501e6ed5fb024a422,post,yes,unmatched,False,True,post,yes,matched_no_record,False,True,27,27,31.5548,31.9703
1,LH270,LH-304,ee5ff210d535fc8e4443c98f967beee6e9e0da9995e4a502ae682a5bd2d33565,24ac016f6e3325f93747c4633b0134e8e6134707996d4fc6a30af2bd7180d570,06ee3f1606d8a49949c5425e3cdbfffd146c6e84167d703501e6ed5fb024a422,post,yes,unmatched,False,True,post,yes,unmatched,False,True,239,239,238.6469,228.2274
1,LH270,LH-304,ee5ff210d535fc8e4443c98f967beee6e9e0da9995e4a502ae682a5bd2d33565,24ac016f6e3325f93747c4633b0134e8e6134707996d4fc6a30af2bd7180d570,06ee3f1606d8a49949c5425e3cdbfffd146c6e84167d703501e6ed5fb024a422,post,yes,unmatched,False,True,post,yes,unmatched,True,True,1,1,0.0505,0.0071
1,LH270,LH-304,ee5ff210d535fc8e4443c98f967beee6e9e0da9995e4a502ae682a5bd2d33565,24ac016f6e3325f93747c4633b0134e8e6134707996d4fc6a30af2bd7180d570,06ee3f1606d8a49949c5425e3cdbfffd146c6e84167d703501e6ed5fb024a422,post,yes,unmatched,False,True,post,yes,voted,False,False,367,367,308.5736,283.3917
1,LH270,LH-304,ee5ff210d535fc8e4443c98f967beee6e9e0da9995e4a502ae682a5bd2d33565,24ac016f6e3325f93747c4633b0134e8e6134707996d4fc6a30af2bd7180d570,06ee3f1606d8a49949c5425e3cdbfffd146c6e84167d703501e6ed5fb024a422,post,yes,unmatched,True,True,not_post,unknown,matched_no_record,False,False,1,0,0.3607,0.0
1,LH270,LH-304,ee5ff210d535fc8e4443c98f967beee6e9e0da9995e4a502ae682a5bd2d33565,24ac016f6e3325f93747c4633b0134e8e6134707996d4fc6a30af2bd7180d570,06ee3f1606d8a49949c5425e3cdbfffd146c6e84167d703501e6ed5fb024a422,post,yes,unmatched,True,True,not_post,unknown,voted,False,False,1,0,0.016,0.0
1,LH270,LH-304,ee5ff210d535fc8e4443c98f967beee6e9e0da9995e4a502ae682a5bd2d33565,24ac016f6e3325f93747c4633b0134e8e6134707996d4fc6a30af2bd7180d570,06ee3f1606d8a49949c5425e3cdbfffd146c6e84167d703501e6ed5fb024a422,post,yes,unmatched,True,True,post,no,matched_no_record,False,False,1,1,0.0627,0.0091
1,LH270,LH-304,ee5ff210d535fc8e4443c98f967beee6e9e0da9995e4a502ae682a5bd2d33565,24ac016f6e3325f93747c4633b0134e8e6134707996d4fc6a30af2bd7180d570,06ee3f1606d8a49949c5425e3cdbfffd146c6e84167d703501e6ed5fb024a422,post,yes,unmatched,True,True,post,no,unmatched,False,False,4,4,1.6549,0.47690000000000005
1,LH270,LH-304,ee5ff210d535fc8e4443c98f967beee6e9e0da9995e4a502ae682a5bd2d33565,24ac016f6e3325f93747c4633b0134e8e6134707996d4fc6a30af2bd7180d570,06ee3f1606d8a49949c5425e3cdbfffd146c6e84167d703501e6ed5fb024a422,post,yes,unmatched,True,True,post,yes,unmatched,False,True,3,3,5.588,2.9198999999999997
1,LH270,LH-304,ee5ff210d535fc8e4443c98f967beee6e9e0da9995e4a502ae682a5bd2d33565,24ac016f6e3325f93747c4633b0134e8e6134707996d4fc6a30af2bd7180d570,06ee3f1606d8a49949c5425e3cdbfffd146c6e84167d703501e6ed5fb024a422,post,yes,unmatched,True,True,post,yes,voted,False,False,1,1,1.4159,1.2423
1,LH270,LH-304,ee5ff210d535fc8e4443c98f967beee6e9e0da9995e4a502ae682a5bd2d33565,24ac016f6e3325f93747c4633b0134e8e6134707996d4fc6a30af2bd7180d570,06ee3f1606d8a49949c5425e3cdbfffd146c6e84167d703501e6ed5fb024a422,post,yes,unmatched,True,True,post,yes,voted,True,False,1,1,0.0526,0.0114
1,LH270,LH-304,ee5ff210d535fc8e4443c98f967beee6e9e0da9995e4a502ae682a5bd2d33565,24ac016f6e3325f93747c4633b0134e8e6134707996d4fc6a30af2bd7180d570,06ee3f1606d8a49949c5425e3cdbfffd146c6e84167d703501e6ed5fb024a422,post,yes,voted,False,False,not_post,unknown,matched_no_record,False,False,111,0,21.8638,0.0
1,LH270,LH-304,ee5ff210d535fc8e4443c98f967beee6e9e0da9995e4a502ae682a5bd2d33565,24ac016f6e3325f93747c4633b0134e8e6134707996d4fc6a30af2bd7180d570,06ee3f1606d8a49949c5425e3cdbfffd146c6e84167d703501e6ed5fb024a422,post,yes,voted,False,False,not_post,unknown,unmatched,False,False,70,0,18.6914,0.0
1,LH270,LH-304,ee5ff210d535fc8e4443c98f967beee6e9e0da9995e4a502ae682a5bd2d33565,24ac016f6e3325f93747c4633b0134e8e6134707996d4fc6a30af2bd7180d570,06ee3f1606d8a49949c5425e3cdbfffd146c6e84167d703501e6ed5fb024a422,post,yes,voted,False,False,not_post,unknown,voted,False,False,688,0,101.9701,0.0
1,LH270,LH-304,ee5ff210d535fc8e4443c98f967beee6e9e0da9995e4a502ae682a5bd2d33565,24ac016f6e3325f93747c4633b0134e8e6134707996d4fc6a30af2bd7180d570,06ee3f1606d8a49949c5425e3cdbfffd146c6e84167d703501e6ed5fb024a422,post,yes,voted,False,False,post,no,matched_no_record,False,False,448,448,83.3574,19.1189
1,LH270,LH-304,ee5ff210d535fc8e4443c98f967beee6e9e0da9995e4a502ae682a5bd2d33565,24ac016f6e3325f93747c4633b0134e8e6134707996d4fc6a30af2bd7180d570,06ee3f1606d8a49949c5425e3cdbfffd146c6e84167d703501e6ed5fb024a422,post,yes,voted,False,False,post,no,unmatched,False,False,55,55,11.9473,3.2767
1,LH270,LH-304,ee5ff210d535fc8e4443c98f967beee6e9e0da9995e4a502ae682a5bd2d33565,24ac016f6e3325f93747c4633b0134e8e6134707996d4fc6a30af2bd7180d570,06ee3f1606d8a49949c5425e3cdbfffd146c6e84167d703501e6ed5fb024a422,post,yes,voted,False,False,post,no,voted,False,True,26,26,7.2048,1.7454
1,LH270,LH-304,ee5ff210d535fc8e4443c98f967beee6e9e0da9995e4a502ae682a5bd2d33565,24ac016f6e3325f93747c4633b0134e8e6134707996d4fc6a30af2bd7180d570,06ee3f1606d8a49949c5425e3cdbfffd146c6e84167d703501e6ed5fb024a422,post,yes,voted,False,False,post,unknown,matched_no_record,False,False,14,14,9.2417,5.1832
1,LH270,LH-304,ee5ff210d535fc8e4443c98f967beee6e9e0da9995e4a502ae682a5bd2d33565,24ac016f6e3325f93747c4633b0134e8e6134707996d4fc6a30af2bd7180d570,06ee3f1606d8a49949c5425e3cdbfffd146c6e84167d703501e6ed5fb024a422,post,yes,voted,False,False,post,unknown,unmatched,False,False,12,12,11.5261,5.5635
1,LH270,LH-304,ee5ff210d535fc8e4443c98f967beee6e9e0da9995e4a502ae682a5bd2d33565,24ac016f6e3325f93747c4633b0134e8e6134707996d4fc6a30af2bd7180d570,06ee3f1606d8a49949c5425e3cdbfffd146c6e84167d703501e6ed5fb024a422,post,yes,voted,False,False,post,unknown,voted,False,False,3,3,0.3861,0.044800000000000006
1,LH270,LH-304,ee5ff210d535fc8e4443c98f967beee6e9e0da9995e4a502ae682a5bd2d33565,24ac016f6e3325f93747c4633b0134e8e6134707996d4fc6a30af2bd7180d570,06ee3f1606d8a49949c5425e3cdbfffd146c6e84167d703501e6ed5fb024a422,post,yes,voted,False,False,post,yes,matched_no_record,False,True,251,251,212.6098,226.51239999999999
1,LH270,LH-304,ee5ff210d535fc8e4443c98f967beee6e9e0da9995e4a502ae682a5bd2d33565,24ac016f6e3325f93747c4633b0134e8e6134707996d4fc6a30af2bd7180d570,06ee3f1606d8a49949c5425e3cdbfffd146c6e84167d703501e6ed5fb024a422,post,yes,voted,False,False,post,yes,matched_no_record,True,True,3,3,0.3771,0.0557
1,LH270,LH-304,ee5ff210d535fc8e4443c98f967beee6e9e0da9995e4a502ae682a5bd2d33565,24ac016f6e3325f93747c4633b0134e8e6134707996d4fc6a30af2bd7180d570,06ee3f1606d8a49949c5425e3cdbfffd146c6e84167d703501e6ed5fb024a422,post,yes,voted,False,False,post,yes,unmatched,False,True,322,322,353.5418,331.4945
1,LH270,LH-304,ee5ff210d535fc8e4443c98f967beee6e9e0da9995e4a502ae682a5bd2d33565,24ac016f6e3325f93747c4633b0134e8e6134707996d4fc6a30af2bd7180d570,06ee3f1606d8a49949c5425e3cdbfffd146c6e84167d703501e6ed5fb024a422,post,yes,voted,False,False,post,yes,unmatched,True,True,1,1,0.0983,0.0107
1,LH270,LH-304,ee5ff210d535fc8e4443c98f967beee6e9e0da9995e4a502ae682a5bd2d33565,24ac016f6e3325f93747c4633b0134e8e6134707996d4fc6a30af2bd7180d570,06ee3f1606d8a49949c5425e3cdbfffd146c6e84167d703501e6ed5fb024a422,post,yes,voted,False,False,post,yes,voted,False,False,6278,6278,5718.5699,5435.2581
1,LH270,LH-304,ee5ff210d535fc8e4443c98f967beee6e9e0da9995e4a502ae682a5bd2d33565,24ac016f6e3325f93747c4633b0134e8e6134707996d4fc6a30af2bd7180d570,06ee3f1606d8a49949c5425e3cdbfffd146c6e84167d703501e6ed5fb024a422,post,yes,voted,False,False,post,yes,voted,True,False,7,7,0.6411,0.1797
1,LH270,LH-304,ee5ff210d535fc8e4443c98f967beee6e9e0da9995e4a502ae682a5bd2d33565,24ac016f6e3325f93747c4633b0134e8e6134707996d4fc6a30af2bd7180d570,06ee3f1606d8a49949c5425e3cdbfffd146c6e84167d703501e6ed5fb024a422,post,yes,voted,True,False,not_post,unknown,matched_no_record,False,False,1,0,0.0473,0.0
1,LH270,LH-304,ee5ff210d535fc8e4443c98f967beee6e9e0da9995e4a502ae682a5bd2d33565,24ac016f6e3325f93747c4633b0134e8e6134707996d4fc6a30af2bd7180d570,06ee3f1606d8a49949c5425e3cdbfffd146c6e84167d703501e6ed5fb024a422,post,yes,voted,True,False,not_post,unknown,unmatched,False,False,1,0,0.0244,0.0
1,LH270,LH-304,ee5ff210d535fc8e4443c98f967beee6e9e0da9995e4a502ae682a5bd2d33565,24ac016f6e3325f93747c4633b0134e8e6134707996d4fc6a30af2bd7180d570,06ee3f1606d8a49949c5425e3cdbfffd146c6e84167d703501e6ed5fb024a422,post,yes,voted,True,False,not_post,unknown,voted,False,False,1,0,0.2407,0.0
1,LH270,LH-304,ee5ff210d535fc8e4443c98f967beee6e9e0da9995e4a502ae682a5bd2d33565,24ac016f6e3325f93747c4633b0134e8e6134707996d4fc6a30af2bd7180d570,06ee3f1606d8a49949c5425e3cdbfffd146c6e84167d703501e6ed5fb024a422,post,yes,voted,True,False,post,no,matched_no_record,False,False,2,2,0.0644,0.0061
1,LH270,LH-304,ee5ff210d535fc8e4443c98f967beee6e9e0da9995e4a502ae682a5bd2d33565,24ac016f6e3325f93747c4633b0134e8e6134707996d4fc6a30af2bd7180d570,06ee3f1606d8a49949c5425e3cdbfffd146c6e84167d703501e6ed5fb024a422,post,yes,voted,True,False,post,no,voted,False,True,1,1,0.1635,0.0154
1,LH270,LH-304,ee5ff210d535fc8e4443c98f967beee6e9e0da9995e4a502ae682a5bd2d33565,24ac016f6e3325f93747c4633b0134e8e6134707996d4fc6a30af2bd7180d570,06ee3f1606d8a49949c5425e3cdbfffd146c6e84167d703501e6ed5fb024a422,post,yes,voted,True,False,post,yes,matched_no_record,False,True,2,2,7.3947,7.3578
1,LH270,LH-304,ee5ff210d535fc8e4443c98f967beee6e9e0da9995e4a502ae682a5bd2d33565,24ac016f6e3325f93747c4633b0134e8e6134707996d4fc6a30af2bd7180d570,06ee3f1606d8a49949c5425e3cdbfffd146c6e84167d703501e6ed5fb024a422,post,yes,voted,True,False,post,yes,unmatched,False,True,2,2,0.7982,0.6601999999999999
1,LH270,LH-304,ee5ff210d535fc8e4443c98f967beee6e9e0da9995e4a502ae682a5bd2d33565,24ac016f6e3325f93747c4633b0134e8e6134707996d4fc6a30af2bd7180d570,06ee3f1606d8a49949c5425e3cdbfffd146c6e84167d703501e6ed5fb024a422,post,yes,voted,True,False,post,yes,voted,False,False,8,8,12.348400000000002,6.857
1,LH270,LH-304,ee5ff210d535fc8e4443c98f967beee6e9e0da9995e4a502ae682a5bd2d33565,24ac016f6e3325f93747c4633b0134e8e6134707996d4fc6a30af2bd7180d570,06ee3f1606d8a49949c5425e3cdbfffd146c6e84167d703501e6ed5fb024a422,post,yes,voted,True,False,post,yes,voted,True,False,1,1,0.0132,0.0019
