fold,feature,target,n_test,n_train,target_n,total_band,target_band,shrink_weight,changed,target_probability,delta_full_log,delta_event_log,delta_dest_log,delta_binary_brier,delta_multiclass_brier
0,"[0, 1, 0, 1]",0,1,0,0,0-0,0-0,0.0,0,0.9934472402471094,-1.1188966420050406e-16,-1.1188966420050406e-16,0.0,0.0,1.4501204056993622e-18
0,"[0, 1, 1, 1]",0,15,55,50,50+,50+,0.7333333333333333,0,0.9315859307325625,-0.06429252001281112,-0.06429252001281112,0.0,0.004637546213350629,0.0070401226962093525
0,"[0, 1, 1, 2]",0,12,49,48,20-49,20-49,0.7101449275362319,0,0.9836078957237998,-0.009953617964256168,-0.009953617964256168,0.0,0.0002257624222227177,0.00044938744780640604
0,"[0, 1, 1, 2]",2,1,49,0,20-49,0-0,0.7101449275362319,1,0.0006331168843372431,-1.2383742310432684,0.9169134750952841,-2.1552877061385525,-0.01945292662439646,-0.01612702886556039
0,"[0, 1, 2, 1]",0,8,53,53,50+,50+,0.726027397260274,0,0.9982047233553725,0.004777433250270226,0.004777433250270226,0.0,-3.971564214835604e-05,-5.6867412652252344e-05
0,"[0, 1, 2, 1]",1,1,53,0,50+,0-0,0.726027397260274,1,0.0009969022134142394,-1.2947271675943997,-1.2947271675943997,0.0,0.009475250574377592,0.01474168053496916
0,"[0, 1, 2, 2]",0,318,1218,1215,50+,50+,0.9838449111470113,0,0.9974708762560115,0.004041995955170685,0.004041995955170685,0.0,-3.654219346669451e-05,-5.295261086793598e-05
0,"[0, 1, 2, 2]",1,3,1218,1,50+,1-4,0.9838449111470113,1,0.0008665378526488203,-1.4348740591821088,-0.9520134007309684,-0.4828606584511398,0.00801072982433726,0.013538629859562334
0,"[0, 1, 2, 2]",2,1,1218,1,50+,1-4,0.9838449111470113,1,0.0008430412479961791,-0.9520134007309693,-0.9520134007309684,2.220446049250313e-16,0.00801072982433726,0.010676743412870726
0,"[0, 2, 1, 1]",0,4,36,30,20-49,20-49,0.6428571428571429,0,0.8808875626674963,-0.09273596704100742,-0.09273596704100742,0.0,0.013064529263945204,0.022280821134850328
0,"[0, 2, 1, 2]",0,2,25,25,20-49,20-49,0.5555555555555556,0,0.9851045224306622,0.019081789520714758,0.019081789520714758,0.0,-0.0009013682113257583,-0.0013160650664428453
0,"[0, 2, 1, 2]",1,1,25,0,20-49,0-0,0.5555555555555556,1,0.0053127423319968975,-0.8109302162163292,-0.8109302162163288,2.220446049250313e-16,0.0363373257120192,0.04920448468689442
0,"[0, 2, 2, 1]",0,9,40,39,20-49,20-49,0.6666666666666666,0,0.9721617251563299,0.005856214361390489,0.005856214361390489,0.0,-0.00034827391707269184,-0.000316627997128244
0,"[0, 2, 2, 2]",0,76,323,316,50+,50+,0.9416909620991254,0,0.977637619560874,0.011473109060003067,0.011473109060003067,0.0,-0.0006231674044402029,-0.000929577459250561
0,"[0, 2, 2, 2]",1,3,323,4,50+,1-4,0.9416909620991254,1,0.012358814591661401,0.03333117574545774,-0.4046077619292654,0.43793893767472347,0.021681720779328506,0.02056502203518118
0,"[0, 3, 1, 1]",0,9,14,13,5-19,5-19,0.4117647058823529,0,0.9424737233087628,-0.010272654759341485,-0.010272654759341485,0.0,0.0010249419936920051,0.0009889185628532164
0,"[0, 3, 1, 1]",1,2,14,0,5-19,0-0,0.4117647058823529,1,0.023648469385499065,-0.5306282510621703,0.1853276944993958,-0.7159559455615667,-0.018438270638575727,0.014633563070284294
0,"[0, 3, 1, 1]",2,1,14,1,5-19,1-4,0.4117647058823529,1,0.03242136890838422,1.8463809126191575,0.1853276944993958,1.6610532181197621,-0.018438270638575727,-0.07308437759767661
0,"[0, 3, 1, 2]",0,7,26,26,20-49,20-49,0.5652173913043478,0,0.9792197085325638,0.027975344819018026,0.027975344819018026,0.0,-0.001852510002793179,-0.0031894166593346178
0,"[0, 3, 2, 1]",0,1,12,11,5-19,5-19,0.375,0,0.9388783310155604,-0.014094796034768375,-0.014094796034768375,0.0,0.0014515279031786228,0.0029939175657662112
0,"[0, 3, 2, 1]",2,1,12,0,5-19,0-0,0.375,1,0.003197704465158235,-0.4700036292457357,0.2459523163158308,-0.7159559455615665,-0.02520246931549386,-0.01982283429471643
0,"[0, 3, 2, 2]",0,91,352,335,50+,50+,0.946236559139785,0,0.9517314693346719,-0.0004977689388302314,-0.0004977689388302314,0.0,4.552053632494047e-05,0.00021861134707007544
0,"[0, 3, 2, 2]",1,3,352,15,50+,5-19,0.946236559139785,1,0.042483999890072496,0.05520088739528495,0.009865674442421035,0.0453352129528633,-0.000902200044124557,-0.005292313102827517
0,"[0, 4, 1, 1]",1,3,9,6,5-19,5-19,0.3103448275862069,0,0.6243448022032413,0.03097864130096334,0.03097864130096334,0.0,-0.014671291422383381,-0.03972918342530474
0,"[0, 4, 1, 2]",0,1,5,1,5-19,1-4,0.2,1,0.2850938535149062,-0.07196632743882736,0.0026819654010884486,-0.07464829283991609,-0.001282103426279546,0.032699924154260485
0,"[0, 4, 2, 1]",0,1,3,1,1-4,1-4,0.13043478260869565,1,0.3098846233857676,0.01141528150022375,-0.02048803801176957,0.03190331951199313,0.009754138361746323,0.0037387507793376074
0,"[0, 4, 2, 2]",0,9,58,24,50+,20-49,0.7435897435897436,1,0.38624802997272634,0.23169496372944343,0.12523529212815065,0.10645967160129269,-0.060975952652770615,-0.16824934251061796
0,"[0, 4, 2, 2]",1,10,58,31,50+,20-49,0.7435897435897436,0,0.5526410162037693,-0.09101550831906557,-0.09101550831906557,0.0,0.044341941329091084,0.09682997762943091
0,"[0, 5, 2, 2]",2,1,4,4,1-4,1-4,0.16666666666666666,0,0.9327425585094297,0.014526436917937313,0.014526436917937313,0.0,-0.001990367911777295,-0.0037583795197234943
0,"[0, 6, 1, 2]",2,1,0,0,0-0,0-0,0.0,0,0.9334499263622975,0.0,0.0,0.0,0.0,0.0
0,"[0, 6, 2, 2]",0,2,2,0,1-4,0-0,0.09090909090909091,1,0.04627460168697282,-0.09531017980432521,-0.09531017980432477,0.0,0.011331359187641277,0.02009652823987418
0,"[0, 6, 2, 2]",2,1,2,2,1-4,1-4,0.09090909090909091,0,0.9394999330566342,0.006460426803613577,0.006460426803613577,0.0,-0.0007686542010318692,-0.0012584054861939252
0,"[0, 8, 2, 1]",2,1,1,0,1-4,0-0,0.047619047619047616,1,0.10393046107331823,-0.04879016416943216,0.01704140001548088,-0.06583156418491276,-0.006539287479033304,0.013448634355154088
0,"[0, 8, 2, 2]",0,2,4,4,1-4,1-4,0.16666666666666666,1,0.41192680776014107,0.3362046780911887,0.05841608182316932,0.2777885962680192,-0.021491926531700914,-0.21084357668536086
0,"[1, 1, 1, 1]",0,1,0,0,0-0,0-0,0.0,0,0.9938652236833827,1.1102230246251565e-16,1.1102230246251565e-16,0.0,0.0,-1.362028979184915e-18
0,"[1, 1, 2, 2]",0,2,3,3,1-4,1-4,0.13043478260869565,0,0.9946654118985936,0.0008048035510074486,0.0008048035510074486,0.0,-9.177650243262582e-06,-1.300921362555866e-05
0,"[1, 2, 1, 2]",0,1,1,1,1-4,1-4,0.047619047619047616,0,0.9324833539224141,0.0036268291262882973,0.0036268291262882973,0.0,-0.0004672459935005126,-0.0007267758145847363
0,"[1, 2, 2, 2]",0,1,5,5,5-19,5-19,0.2,0,0.9432860172948279,0.015145071155685245,0.015145071155685245,0.0,-0.0018092676567839409,-0.0028142177639871495
0,"[1, 3, 1, 2]",0,1,7,7,5-19,5-19,0.25925925925925924,0,0.9285112635876248,0.027317241936098094,0.027317241936098094,0.0,-0.004203500934331803,-0.007440629644385445
0,"[1, 3, 2, 2]",0,10,62,56,50+,50+,0.7560975609756098,0,0.9032902941081203,-0.00022129056185227203,-0.00022129056185227203,0.0,3.862684552399451e-05,0.0016378913014644947
0,"[1, 3, 2, 2]",3,1,62,0,50+,0-0,0.7560975609756098,1,0.0001265264146665371,-1.4109869737102612,0.002069271543049034,-1.413056245253312,-0.00036119662482225756,0.002022531602050792
0,"[1, 4, 1, 1]",0,2,152,5,50+,5-19,0.8837209302325582,1,0.0386200024045938,-0.754557621613734,0.008306698336602247,-0.7628643199503365,-0.0022734528302489343,0.08652889672510833
0,"[1, 4, 1, 1]",1,39,152,127,50+,50+,0.8837209302325582,0,0.8357051441045205,-0.0016249645729994044,-0.0016249645729994044,0.0,0.00044473755846248866,0.002223050563993585
0,"[1, 4, 1, 1]",2,3,152,17,50+,5-19,0.8837209302325582,1,0.10665516762047879,0.4614152586634157,0.008306698336602247,0.4531085603268134,-0.0022734528302489343,-0.07933659199344034
0,"[1, 4, 1, 2]",1,15,47,41,20-49,20-49,0.7014925373134329,0,0.8618102206862316,0.029134267802256947,0.029134267802256947,0.0,-0.007451647008465904,-0.011380955592539262
0,"[1, 4, 1, 2]",2,3,47,3,20-49,1-4,0.7014925373134329,1,0.06484610195107986,-0.0361688388329231,-0.16472806416119523,0.12855922532827202,0.04204031576624512,0.04288768635224671
0,"[1, 4, 2, 1]",1,12,43,41,20-49,20-49,0.6825396825396826,0,0.9165283299361511,0.09069216080169033,0.09069216080169033,0.0,-0.019580542412005852,-0.027513835379360557
0,"[1, 4, 2, 1]",2,1,43,2,20-49,1-4,0.6825396825396826,1,0.053090298900354764,-0.2361914224444419,-0.6688487233828257,0.4326573009383837,0.1393476388625442,0.15970263116671468
0,"[1, 4, 2, 2]",0,10,273,34,50+,20-49,0.931740614334471,1,0.12164723690645098,0.39279739462518926,0.0904333282567309,0.30236406636845814,-0.025579961831445175,-0.09906360028600991
0,"[1, 4, 2, 2]",1,75,273,224,50+,50+,0.931740614334471,0,0.8216426101910496,-0.018595297283278966,-0.018595297283278966,0.0,0.00526329638420801,0.010810090383531333
0,"[1, 4, 2, 2]",2,4,273,12,50+,5-19,0.931740614334471,1,0.04554501307413772,-0.38948450383650135,0.0904333282567309,-0.47991783209323247,-0.025579961831445175,0.02334568909183754
0,"[1, 5, 1, 1]",1,2,23,5,20-49,5-19,0.5348837209302325,1,0.17882115678737412,0.2850786177167193,0.2751493595330743,0.00992925818364506,-0.07281213182851554,-0.14763035785155343
0,"[1, 5, 1, 1]",2,2,23,18,20-49,5-19,0.5348837209302325,0,0.8202139002786618,-0.05138228067872069,-0.05138228067872069,0.0,0.01367983881240633,0.027572952178408112
0,"[1, 5, 1, 2]",2,3,2,1,1-4,1-4,0.09090909090909091,0,0.8304180778173844,-0.039018158732936736,-0.039018158732936736,0.0,0.010114825490546063,0.020155124363373453
0,"[1, 5, 2, 1]",2,3,9,8,5-19,5-19,0.3103448275862069,0,0.8713516452407744,0.00909818033742954,0.00909818033742954,0.0,-0.0020928036583490704,-0.003991416464449921
0,"[1, 5, 2, 2]",1,2,15,1,5-19,1-4,0.42857142857142855,1,0.10540884976734535,-0.243460968354404,-0.2475879312048206,0.0041269628504168165,0.05261067947221043,0.10375149836509201
0,"[1, 5, 2, 2]",2,1,15,14,5-19,5-19,0.42857142857142855,0,0.8934056489137845,0.03409329091822151,0.03409329091822151,0.0,-0.007280847157113267,-0.014253302915249542
0,"[1, 6, 1, 1]",1,1,3,0,1-4,0-0,0.13043478260869565,1,0.03645160439792233,-0.13976194237515882,0.32629601916216,-0.4660579615373188,-0.058457838004887464,-0.043319351871785816
0,"[1, 6, 2, 2]",2,2,8,7,5-19,5-19,0.2857142857142857,0,0.9041302087845448,-0.012805277976227228,-0.012805277976227228,0.0,0.002098394577176554,0.0037912068918143794
0,"[1, 7, 2, 2]",2,1,1,1,1-4,1-4,0.047619047619047616,0,0.9585612256845134,0.0021638484317017467,0.0021638484317017467,0.0,-0.00017601013171890758,-0.00034164154037135026
0,"[1, 8, 1, 2]",0,1,0,0,0-0,0-0,0.0,1,0.07186411149825785,0.0,0.0,0.0,0.0,0.0
0,"[1, 8, 2, 1]",3,1,3,2,1-4,1-4,0.13043478260869565,0,0.36608089683381306,0.13143492484648855,0.13143492484648855,0.0,-0.059197034104173374,-0.08584307789322154
0,"[1, 8, 2, 2]",0,1,14,0,5-19,0-0,0.4117647058823529,1,0.042273006763681086,-0.5306282510621703,0.06270213805911035,-0.5933303891212809,-0.026277205908083218,0.1519024194693801
0,"[1, 8, 2, 2]",1,1,14,11,5-19,5-19,0.4117647058823529,1,0.6240520598483296,0.2000824239373643,0.06270213805911035,0.1373802858782539,-0.026277205908083218,-0.1336069062121122
0,"[2, 1, 1, 2]",0,1,0,0,0-0,0-0,0.0,0,0.9935863702144456,1.1188966420050406e-16,1.1188966420050406e-16,0.0,-6.776263578034403e-21,-1.429791614965259e-18
0,"[2, 1, 2, 2]",0,2,2,2,1-4,1-4,0.09090909090909091,0,0.9941694274676778,0.0005866487932109999,0.0005866487932109999,0.0,-7.139070971480978e-06,-1.0119550962862284e-05
0,"[2, 2, 2, 2]",0,1,9,8,5-19,5-19,0.3103448275862069,0,0.8905345418333419,-0.0008312266992129835,-0.0008312266992129835,0.0,0.0001615795330363115,0.0009152343235777453
0,"[2, 2, 2, 2]",2,1,9,1,5-19,1-4,0.3103448275862069,1,0.10229209917801746,0.039568929866415914,0.006788078319438728,0.03278085154697766,-0.0013195081169712353,-0.008502964066213758
0,"[2, 3, 2, 2]",0,4,11,9,5-19,5-19,0.3548387096774194,0,0.8545552136803828,-0.023140451648694493,-0.023140451648694493,0.0,0.005419138079829688,0.007284029290619415
0,"[2, 3, 2, 2]",2,1,11,1,5-19,1-4,0.3548387096774194,1,0.05444635121752081,0.4593963810154684,0.14797361586203395,0.31142276515343426,-0.034591596968591154,-0.07283571941852918
0,"[2, 4, 1, 1]",1,11,48,32,20-49,20-49,0.7058823529411765,0,0.6598444949457486,0.02512679404951773,0.02512679404951773,0.0,-0.01140695855848016,-0.003937710181772608
0,"[2, 4, 1, 1]",2,5,48,15,20-49,5-19,0.7058823529411765,1,0.3052191299539419,0.058955160830028275,-0.04701190886614426,0.1059670696961726,0.021339465701926796,-0.006139462142444652
0,"[2, 4, 1, 2]",1,4,11,6,5-19,5-19,0.3548387096774194,0,0.6086911502035774,-0.055566402944345894,-0.055566402944345894,0.0,0.026009889751806126,0.04365233990970338
0,"[2, 4, 1, 2]",2,1,11,4,5-19,1-4,0.3548387096774194,1,0.31467422054413063,0.0894630664810212,0.09308235563612788,-0.0036192891551066753,-0.0435503754721292,-0.07976628271568831
0,"[2, 4, 2, 1]",1,1,8,5,5-19,5-19,0.2857142857142857,0,0.6381937734396751,-0.008235442135065663,-0.008235442135065663,0.0,0.0037910194006281484,0.017043844239726796
0,"[2, 4, 2, 2]",1,6,35,20,20-49,20-49,0.6363636363636364,0,0.5976259210238346,-0.0739123914059675,-0.0739123914059675,0.0,0.03479217325472436,0.050127141722661556
0,"[2, 4, 2, 2]",2,2,35,11,20-49,5-19,0.6363636363636364,1,0.3046345606703282,0.05703807982638831,0.12096741092532015,-0.06392933109893173,-0.05689855032869667,-0.07534261951461096
0,"[2, 5, 0, 1]",2,1,0,0,0-0,0-0,0.0,0,0.9411553053593307,0.0,0.0,0.0,0.0,0.0
0,"[2, 5, 1, 1]",1,6,258,8,50+,5-19,0.9280575539568345,1,0.032506788644534934,-0.4667972461969061,-0.4746476678300193,0.007850421633113572,0.04235173861520203,0.07936385487025066
0,"[2, 5, 1, 1]",2,68,258,249,50+,50+,0.9280575539568345,0,0.9633924680114626,0.023352707176252735,0.023352707176252735,0.0,-0.002122586689061831,-0.003785617463014439
0,"[2, 5, 1, 1]",3,1,258,0,50+,0-0,0.9280575539568345,1,1.6383247945483367e-06,-2.6318888401366447,-0.4746476678300193,-2.157241172306626,0.04235173861520203,0.04073097662094893
0,"[2, 5, 1, 2]",1,1,38,4,20-49,1-4,0.6551724137931034,1,0.0868428835031157,0.515854354148833,0.4166158311607724,0.0992385229880607,-0.05632011653161084,-0.1215062083884404
0,"[2, 5, 1, 2]",2,6,38,34,20-49,20-49,0.6551724137931034,0,0.9107432087445969,-0.03284718976859351,-0.03284718976859351,0.0,0.004504076697857006,0.009315027529187355
0,"[2, 5, 2, 1]",1,2,54,3,50+,1-4,0.7297297297297297,1,0.05455253031325284,0.05091790132395957,0.17299374850302218,-0.12207584717906239,-0.0207952346202831,-0.025734977386689506
0,"[2, 5, 2, 1]",2,12,54,50,50+,50+,0.7297297297297297,0,0.9300419744214408,-0.011878449941832556,-0.011878449941832556,0.0,0.001431427255496736,0.0019080207975247978
0,"[2, 5, 2, 2]",2,18,79,71,50+,50+,0.797979797979798,0,0.9073041020927941,-0.03663049148291336,-0.03663049148291336,0.0,0.005129831401469527,0.009116103685180529
0,"[2, 6, 1, 1]",0,1,160,0,50+,0-0,0.8888888888888888,1,0.0018640144276062555,-2.197224577336219,-0.8720958609162346,-1.3251287164199848,0.04104656654345373,0.07039293919979372
0,"[2, 6, 1, 1]",1,2,160,2,50+,1-4,0.8888888888888888,1,0.013265232878433062,-0.37946114197090264,-0.8720958609162346,0.49263471894533223,0.04104656654345373,0.052812434413022746
0,"[2, 6, 1, 1]",2,56,160,158,50+,50+,0.8888888888888888,0,0.9848670141973148,0.02161957163509858,0.02161957163509858,0.0,-0.0010812062995083475,-0.0015590644848682694
0,"[2, 6, 1, 2]",2,10,40,38,20-49,20-49,0.6666666666666666,0,0.9546010425919446,-0.009593552707026512,-0.009593552707026512,0.0,0.0007508517749258122,0.0016504998582766955
0,"[2, 6, 2, 1]",0,1,40,1,20-49,1-4,0.6666666666666666,1,0.022258709949485433,0.2827763567144621,0.22651642775187453,0.05625992896258736,-0.017653318592852685,-0.02824537553314399
0,"[2, 6, 2, 1]",1,2,40,1,20-49,1-4,0.6666666666666666,1,0.02312903196863252,0.17648093833793155,0.22651642775187453,-0.05003548941394331,-0.017653318592852685,-0.02476408745655556
0,"[2, 6, 2, 1]",2,9,40,38,20-49,20-49,0.6666666666666666,0,0.9546010425919446,-0.009593552707026512,-0.009593552707026512,0.0,0.0007508517749258122,0.0011239550366927095
0,"[2, 6, 2, 2]",2,35,123,116,50+,50+,0.8601398601398601,0,0.9459864514371794,-0.018658802453691295,-0.018658802453691295,0.0,0.0016072498695355458,0.0024354996724332777
0,"[2, 7, 1, 1]",1,1,479,2,50+,1-4,0.9599198396793587,1,0.0041490723248073565,0.1646071798312443,0.2781589486983922,-0.11355176886714718,-0.002994699404444079,-0.004246466222841638
0,"[2, 7, 1, 1]",2,119,479,476,50+,50+,0.9599198396793587,0,0.9937998142403529,-0.0015137976206054116,-0.0015137976206054116,0.0,1.640270845767584e-05,2.407153178715906e-05
0,"[2, 7, 1, 2]",2,24,73,73,50+,50+,0.7849462365591398,0,0.9989904011390975,0.0036955802627539566,0.0036955802627539566,0.0,-2.102030513651995e-05,-3.4136279853113204e-05
0,"[2, 7, 2, 1]",2,31,102,102,50+,50+,0.8360655737704918,0,0.9992303877535744,0.003935780561904816,0.003935780561904816,0.0,-2.1447291986607147e-05,-3.482969236608643e-05
0,"[2, 7, 2, 2]",1,1,204,1,50+,1-4,0.9107142857142857,1,0.0047785137949949595,0.305851983375641,0.039431536314133986,0.2664204470615069,-0.0003758211634625752,-0.002885046638692046
0,"[2, 7, 2, 2]",2,51,204,203,50+,50+,0.9107142857142857,0,0.9951165504729289,-0.00018972341787948984,-0.00018972341787948984,0.0,1.8084842869955226e-06,1.0901591159998696e-05
0,"[2, 8, 1, 1]",1,1,1,0,1-4,0-0,0.047619047619047616,1,0.3555484693877551,-0.04879016416943194,0.01891963277012254,-0.06770979693955459,-0.007619105493560568,0.03324839930790546
0,"[2, 8, 2, 2]",1,1,10,4,5-19,1-4,0.3333333333333333,1,0.3822172619047619,0.023537449796774634,-0.0064318991834816375,0.02996934898025616,0.002640841737085481,-0.004282697128330515
0,"[3, 1, 2, 2]",1,1,1,0,1-4,0-0,0.047619047619047616,1,0.0034456619116532286,-0.04879016416943127,-0.04879016416943216,0.0,0.0006357114392835372,0.0009785253471339406
0,"[3, 2, 1, 2]",0,1,0,0,0-0,0-0,0.0,0,0.8834361233480175,-1.249000902703301e-16,-1.249000902703301e-16,0.0,0.0,2.7755575615628914e-17
0,"[3, 2, 2, 1]",1,1,0,0,0-0,0-0,0.0,1,0.05277533039647577,0.0,0.0,0.0,0.0,-2.220446049250313e-16
0,"[3, 2, 2, 2]",0,1,5,3,5-19,1-4,0.2,0,0.8267488986784141,-0.06631796984506742,-0.06631796984506742,0.0,0.016428806769003865,0.02457807789788275
0,"[3, 2, 2, 2]",2,1,5,1,5-19,1-4,0.2,1,0.08926872246696035,0.37121817589370965,0.3963025746968145,-0.025084398803104757,-0.09694564257020322,-0.14416201020784425
0,"[3, 3, 2, 2]",0,1,4,3,1-4,1-4,0.16666666666666666,0,0.8884277703998821,-0.030686723278939454,-0.030686723278939454,0.0,0.005411388088119926,0.010642048392667806
0,"[3, 4, 1, 1]",1,1,7,4,5-19,1-4,0.25925925925925924,0,0.7130277130277131,-0.06719685350935972,-0.06719685350935972,0.0,0.02598835682816518,0.05020219637384876
0,"[3, 4, 2, 1]",1,1,1,0,1-4,0-0,0.047619047619047616,0,0.7262737262737262,-0.04879016416943205,-0.04879016416943205,0.0,0.018561336266131476,0.03194164657076748
0,"[3, 4, 2, 2]",1,2,10,10,5-19,5-19,0.3333333333333333,0,0.8417249417249418,0.09873614696766447,0.09873614696766447,0.0,-0.031313742589966366,-0.04763052118821354
0,"[3, 6, 1, 1]",2,1,0,0,0-0,0-0,0.0,0,0.9607544517338333,1.1796119636642288e-16,1.1796119636642288e-16,0.0,0.0,-8.673617379884035e-18
0,"[3, 6, 2, 2]",2,1,1,1,1-4,1-4,0.047619047619047616,0,0.9626232873655555,0.0019432856914664218,0.0019432856914664218,0.0,-0.00014319441135417959,-0.0002127022354443467
0,"[3, 8, 1, 1]",3,1,1,0,1-4,0-0,0.047619047619047616,0,0.33090379008746357,-0.04879016416943216,-0.04879016416943216,0.0,0.021866903883585864,0.03972183972853327
0,"[3, 8, 1, 2]",1,1,0,0,0-0,0-0,0.0,1,0.3413265306122449,0.0,0.0,0.0,0.0,0.0
0,"[3, 8, 2, 2]",1,1,11,2,5-19,1-4,0.3548387096774194,1,0.2847267939433838,-0.18130948412750425,-0.11391903835021272,-0.0673904457772917,0.053760031210980885,0.12824357025190247
0,"[3, 8, 2, 2]",2,1,11,1,5-19,1-4,0.3548387096774194,1,0.12343647136273864,-0.1353464111480831,-0.11391903835021272,-0.021427372797870436,0.053760031210980885,0.05082421541319282
0,"[3, 8, 2, 2]",3,1,11,6,5-19,5-19,0.3548387096774194,0,0.4177090190915076,0.18416723063371998,0.18416723063371998,0.0,-0.08676004778836083,-0.12547598208516136
1,"[0, 1, 1, 1]",0,13,57,52,50+,50+,0.7402597402597403,0,0.9324633670610523,-0.05985887810117333,-0.05985887810117333,0.0,0.0044608757952517555,0.0067746334294492006
1,"[0, 1, 1, 2]",0,12,50,48,50+,20-49,0.7142857142857143,0,0.9685668466243004,-0.02187124295039484,-0.02187124295039484,0.0,0.0008877221376618484,0.0013294899659650988
1,"[0, 1, 2, 1]",0,11,51,50,50+,50+,0.7183098591549296,0,0.9830940741366341,-0.006983927571780282,-0.006983927571780282,0.0,0.0001854893358192098,0.0003868838511626182
1,"[0, 1, 2, 2]",0,298,1241,1235,50+,50+,0.9841395717684377,0,0.995083012897463,0.005137419531746765,0.005137419531746765,0.0,-7.614423131190188e-05,-0.00011276770531640992
1,"[0, 1, 2, 2]",1,1,1241,3,50+,1-4,0.9841395717684377,1,0.0024698800919460595,-0.8408370889933767,-0.7114915245735629,-0.12934556441981504,0.010121955193512555,0.016597451130013763
1,"[0, 2, 1, 1]",0,4,36,30,20-49,20-49,0.6428571428571429,0,0.8790854978354978,-0.08954937010069218,-0.08954937010069218,0.0,0.01313339649392815,0.022177798040703876
1,"[0, 2, 1, 2]",0,8,20,19,20-49,5-19,0.5,0,0.9557196969696969,-0.005966864165729634,-0.005966864165729634,0.0,0.00047382489669421527,0.001080431205999381
1,"[0, 2, 2, 1]",0,10,38,38,20-49,20-49,0.6551724137931034,0,0.9867032392894461,0.025937794592610322,0.025937794592610322,0.0,-0.0013101164943675212,-0.001893163055991407
1,"[0, 2, 2, 1]",2,1,38,0,20-49,0-0,0.6551724137931034,1,0.005877742946708463,-1.0647107369924287,-1.0647107369924282,-2.220446049250313e-16,0.049217574205736914,0.07096995084160551
1,"[0, 2, 2, 2]",0,76,325,316,50+,50+,0.9420289855072463,0,0.9716776460254721,0.010592579346440124,0.010592579346440124,0.0,-0.0006847646051027931,-0.0009489971869525225
1,"[0, 2, 2, 2]",1,1,325,6,50+,5-19,0.9420289855072463,1,0.01849948762992241,-0.032791099156137093,-0.30857980101751403,0.2757887018613772,0.0197917395670536,0.02076085495768254
1,"[0, 3, 1, 1]",0,4,22,18,20-49,5-19,0.5238095238095238,0,0.8801703822456515,-0.07461635515248427,-0.07461635515248427,0.0,0.01169222075082008,0.01704844285556041
1,"[0, 3, 1, 2]",0,9,24,24,20-49,20-49,0.5454545454545454,0,0.9765262739617583,0.029269796141826197,0.029269796141826197,0.0,-0.0021159007262147554,-0.0035644476527913463
1,"[0, 3, 2, 1]",0,5,9,7,5-19,5-19,0.3103448275862069,0,0.8954191742868056,-0.0574399002806553,-0.0574399002806553,0.0,0.008270232566520338,0.012032657197149464
1,"[0, 3, 2, 2]",0,66,376,360,50+,50+,0.9494949494949495,0,0.9569877678139327,0.009058749495861627,0.009058749495861627,0.0,-0.0008168644227050214,-0.0010352883293502394
1,"[0, 3, 2, 2]",1,3,376,15,50+,5-19,0.9494949494949495,1,0.040002640952092564,-0.04996838842375473,-0.1828545704312683,0.13288618200751373,0.016443065773423693,0.020323941665459033
1,"[0, 3, 2, 2]",2,1,376,0,50+,0-0,0.9494949494949495,1,0.00036271873234984737,-2.9856819377004893,-0.1828545704312683,-2.802827367269222,0.016443065773423693,0.029862866203132832
1,"[0, 4, 1, 1]",0,1,9,0,5-19,0-0,0.3103448275862069,1,0.19964702688026068,-0.37156355643248284,-0.2386247564178945,-0.13293880001458844,0.10237626833135155,0.24011661751258517
1,"[0, 4, 1, 1]",1,1,9,8,5-19,5-19,0.3103448275862069,0,0.7229885057471265,0.10898835664951129,0.10898835664951129,0.0,-0.04693407649623464,-0.08887605150723582
1,"[0, 4, 1, 1]",2,1,9,1,5-19,1-4,0.3103448275862069,1,0.0622590279663318,0.4355579604737949,-0.2386247564178945,0.6741827168916896,0.10237626833135155,0.01646741849004907
1,"[0, 4, 1, 2]",0,1,5,1,5-19,1-4,0.2,1,0.27159055118110237,-0.06381889255810758,0.027117136089424676,-0.09093602864753222,-0.012440999999999924,0.016733259842519832
1,"[0, 4, 2, 2]",0,9,62,24,50+,20-49,0.7560975609756098,1,0.3632898021893605,0.22708637071749993,0.13586942714365946,0.09121694357384046,-0.06374264822526271,-0.16429115168605113
1,"[0, 4, 2, 2]",1,5,62,36,50+,20-49,0.7560975609756098,0,0.5971544715447155,-0.08222914115483104,-0.08222914115483104,0.0,0.03861507535197305,0.08566979831714969
1,"[0, 4, 2, 2]",2,1,62,0,50+,0-0,0.7560975609756098,1,0.009823314768580756,-1.410986973710262,0.13586942714365946,-1.5468564008539216,-0.06374264822526271,0.04421662630511447
1,"[0, 5, 1, 1]",2,1,2,2,1-4,1-4,0.09090909090909091,0,0.9487528764514509,0.005416165954704906,0.005416165954704906,0.0,-0.0005515162111200556,-0.0009868295060823677
1,"[0, 5, 2, 1]",1,1,1,0,1-4,0-0,0.047619047619047616,1,0.047452789669839415,-0.048790164169431716,-0.048790164169431716,0.0,0.005073306051553317,0.009585393218914495
1,"[0, 5, 2, 1]",2,1,1,1,1-4,1-4,0.047619047619047616,0,0.9463125372348534,0.0028406975324772044,0.0028406975324772044,0.0,-0.0002954402249612997,-0.0005286320245842481
1,"[0, 6, 1, 1]",2,1,3,2,1-4,1-4,0.13043478260869565,0,0.8365115687770149,-0.03000135192496836,-0.03000135192496836,0.0,0.00768123893678303,0.015026676437735677
1,"[0, 6, 2, 1]",2,1,1,1,1-4,1-4,0.047619047619047616,0,0.8685602896129212,0.007595299129144112,0.007595299129144112,0.0,-0.0017708307403305097,-0.0031157633935853107
1,"[0, 7, 1, 1]",2,1,2,2,1-4,1-4,0.09090909090909091,0,0.9952801149189411,0.0004743392852170599,0.0004743392852170599,0.0,-4.678236187464492e-06,-8.595927361466334e-06
1,"[0, 8, 1, 1]",1,1,1,0,1-4,0-0,0.047619047619047616,1,0.20927911394442833,-0.04879016416943216,-0.04879016416943188,-2.220446049250313e-16,0.020424475723416977,0.020674122884357216
1,"[1, 2, 1, 1]",1,1,0,0,0-0,0-0,0.0,1,0.015226337448559672,0.0,0.0,1.1102230246251565e-16,0.0,0.0
1,"[1, 2, 1, 2]",0,1,1,1,1-4,1-4,0.047619047619047616,0,0.9659024103468548,0.001766623468204838,0.001766623468204838,0.0,-0.00011917117606581313,-0.0001730020983764268
1,"[1, 3, 1, 2]",0,1,7,7,5-19,5-19,0.25925925925925924,0,0.924374188236521,0.029052511585879667,0.029052511585879667,0.0,-0.004704094150518052,-0.007496275408491971
1,"[1, 3, 2, 1]",0,1,2,1,1-4,1-4,0.09090909090909091,0,0.8617319582902758,-0.041120174655134734,-0.041120174655134734,0.0,0.00869469380283884,0.010812288313872275
1,"[1, 3, 2, 2]",0,14,58,52,50+,50+,0.7435897435897436,0,0.896898757466488,-0.0011214559449024275,-0.0011214559449024275,0.0,0.00020650865655083908,0.0012945826424121051
1,"[1, 3, 2, 2]",1,1,58,5,50+,5-19,0.7435897435897436,1,0.08372945385741384,0.08971370812298263,0.009809199875470576,0.07990450824751211,-0.0018062846490796147,-0.015087378290218334
1,"[1, 4, 1, 1]",0,1,152,6,50+,5-19,0.8837209302325582,1,0.044053206629465075,-0.5822452578580402,0.008225154596275042,-0.5904704124543155,-0.002178091102403079,0.06983505485310193
1,"[1, 4, 1, 1]",1,38,152,128,50+,50+,0.8837209302325582,0,0.8422752617979056,-0.0015327528008853564,-0.0015327528008853564,0.0,0.0004058882257624123,0.0028102934133983
1,"[1, 4, 1, 1]",2,3,152,17,50+,5-19,0.8837209302325582,1,0.10679876765710285,0.4445594305004481,0.008225154596275042,0.43633427590417284,-0.002178091102403079,-0.07643241752680408
1,"[1, 4, 1, 1]",3,2,152,1,50+,1-4,0.8837209302325582,1,0.006872763915526471,-0.2813419006715234,0.008225154596275042,-0.2895670552677987,-0.002178091102403079,0.004692325601235003
1,"[1, 4, 1, 2]",1,10,55,46,50+,20-49,0.7333333333333333,0,0.8382846003898635,-0.006281966439291353,-0.006281966439291353,0.0,0.0016806656559093178,0.002869181280864913
1,"[1, 4, 2, 1]",1,11,45,42,20-49,20-49,0.6923076923076923,0,0.9057130004498425,0.07108285144557717,0.07108285144557717,0.0,-0.015581166530985412,-0.021455362200264547
1,"[1, 4, 2, 2]",0,10,296,34,50+,20-49,0.9367088607594937,1,0.11258592259578479,0.35607328372661495,0.033731972251963116,0.3223413114746517,-0.009025698349626743,-0.07316266241818936
1,"[1, 4, 2, 2]",1,51,296,248,50+,50+,0.9367088607594937,0,0.8382004589532904,-0.006382344830586667,-0.006382344830586667,0.0,0.001707886667769061,0.00502761376397684
1,"[1, 4, 2, 2]",2,5,296,11,50+,5-19,0.9367088607594937,1,0.039143633028549646,-0.559149178134343,0.033731972251963116,-0.5928811503863062,-0.009025698349626743,0.05294556639165049
1,"[1, 5, 1, 1]",2,7,20,13,20-49,5-19,0.5,0,0.7280113471050335,-0.10179526394045829,-0.10179526394045829,0.0,0.036350632142097404,0.0729967065222977
1,"[1, 5, 2, 1]",2,4,8,7,5-19,5-19,0.2857142857142857,0,0.8257304958643336,0.024156545389607792,0.024156545389607792,0.0,-0.007257335089830123,-0.014156064139060578
1,"[1, 5, 2, 2]",2,1,17,14,5-19,5-19,0.4594594594594595,0,0.8140663211946307,0.009929939654246323,0.009929939654246323,0.0,-0.0030558622474229843,-0.005629956142689602
1,"[1, 6, 1, 1]",2,1,3,1,1-4,1-4,0.13043478260869565,0,0.8005339435545386,-0.08391981567581644,-0.08391981567581644,0.0,0.02304597975762209,0.03443258790580231
1,"[1, 6, 2, 2]",2,4,6,5,5-19,5-19,0.23076923076923078,0,0.8620107962213226,-0.009930954950976956,-0.009930954950976956,0.0,0.0023002924431914443,0.004924289540042752
1,"[1, 7, 1, 1]",2,1,2,1,1-4,1-4,0.09090909090909091,0,0.9150420685409398,-0.04435912686555387,-0.04435912686555387,0.0,0.005329623935758121,0.010629870146476476
1,"[1, 8, 1, 1]",2,1,3,0,1-4,0-0,0.13043478260869565,1,0.03916960438699569,-0.13976194237515882,-0.061887314553573214,-0.07787462782158583,0.029724553440844348,0.027201284217826194
1,"[1, 8, 2, 2]",1,6,9,6,5-19,5-19,0.3103448275862069,1,0.4747912212415255,0.20071773768255274,0.07754188853207017,0.12317584915048252,-0.03561404139221114,-0.1426272050562804
1,"[1, 8, 2, 2]",3,1,9,2,5-19,1-4,0.3103448275862069,0,0.3328399393308115,-0.13937516075153644,-0.13937516075153644,0.0,0.06394190400551925,0.129616641224077
1,"[2, 2, 1, 1]",2,1,3,1,1-4,1-4,0.13043478260869565,1,0.13043478260869565,0.26570316573300534,0.22569783111930675,0.040005334613699095,-0.05006351606805304,-0.10395410785192061
1,"[2, 2, 2, 2]",0,2,9,7,5-19,5-19,0.3103448275862069,0,0.8528735632183907,-0.03885780260674704,-0.03885780260674704,0.0,0.008801743955608399,0.017753045316422265
1,"[2, 3, 1, 1]",0,1,0,0,0-0,0-0,0.0,0,0.8738049713193117,0.0,0.0,0.0,0.0,0.0
1,"[2, 3, 1, 2]",0,1,1,0,1-4,0-0,0.047619047619047616,0,0.8321952107802969,-0.04879016416943191,-0.04879016416943191,0.0,0.012233262021349257,0.019029993192259325
1,"[2, 3, 2, 2]",0,2,13,11,5-19,5-19,0.3939393939393939,0,0.8629121038298859,-0.012544369474817268,-0.012544369474817268,0.0,0.0028679060126282456,0.006516354435748276
1,"[2, 3, 2, 2]",1,1,13,0,5-19,0-0,0.3939393939393939,1,0.0350371332263133,-0.5007752879124889,0.08279374104542625,-0.5835690289579155,-0.018917828966223516,0.030278892651104172
1,"[2, 4, 1, 1]",1,8,53,35,50+,20-49,0.726027397260274,0,0.6645591851071303,-0.016537966523938796,-0.016537966523938796,0.0,0.0073117960487866784,0.030214602683181657
1,"[2, 4, 1, 1]",2,2,53,18,50+,5-19,0.726027397260274,1,0.32461024036905817,0.1307418989954805,0.03359468415880973,0.09714721483667074,-0.014851885019003919,-0.07151480442860048
1,"[2, 4, 1, 1]",3,1,53,0,50+,0-0,0.726027397260274,1,0.00040102995555481806,-1.2947271675943997,0.03359468415880973,-1.3283218517532092,-0.014851885019003919,0.010176380379831818
1,"[2, 4, 1, 2]",1,1,14,9,5-19,5-19,0.4117647058823529,0,0.6621417797888386,-0.020182205968415967,-0.020182205968415967,0.0,0.008939432717047835,0.01038075879732081
1,"[2, 4, 1, 2]",2,1,14,4,5-19,1-4,0.4117647058823529,1,0.2851925749100367,0.0012813502807933475,0.04077549262529456,-0.03949414234450127,-0.018059058987326182,-0.017348128033001675
1,"[2, 4, 2, 2]",0,2,34,2,20-49,1-4,0.6296296296296297,1,0.05113623617560625,0.2951235986129106,0.0539978755471453,0.24112572306576507,-0.023994080585565347,-0.0456006009796579
1,"[2, 4, 2, 2]",1,4,34,22,20-49,20-49,0.6296296296296297,0,0.657644824311491,-0.026996902930206734,-0.026996902930206734,0.0,0.011998322073504084,0.01652859868235007
1,"[2, 4, 2, 2]",2,3,34,10,20-49,5-19,0.6296296296296297,1,0.2906768064248379,0.02032871587839269,0.0539978755471453,-0.033669159668752696,-0.023994080585565347,-0.031162662132270258
1,"[2, 5, 1, 1]",1,5,261,9,50+,5-19,0.9288256227758007,1,0.03571239127268184,-0.37110248846566707,-0.3386085919539896,-0.032493896511677056,0.03321978455341168,0.0638864241692556
1,"[2, 5, 1, 1]",2,67,261,250,50+,50+,0.9288256227758007,0,0.9565114459412819,0.018492382188253484,0.018492382188253484,0.0,-0.001831476379131436,-0.0032582489802832314
1,"[2, 5, 1, 2]",1,2,34,3,20-49,1-4,0.6296296296296297,1,0.07472559162265918,0.36722241397021094,0.24756721310497642,0.11965520086523473,-0.03189321082159635,-0.07496739140989228
1,"[2, 5, 1, 2]",2,9,34,31,20-49,20-49,0.6296296296296297,0,0.9218465983240779,-0.018421542647782355,-0.018421542647782355,0.0,0.002385223480268535,0.0052440313749315135
1,"[2, 5, 2, 1]",1,1,51,4,50+,1-4,0.7183098591549296,1,0.07091805560033235,0.31492485252638547,0.36178454671873483,-0.04685969419234873,-0.049238173379333006,-0.08500155219011285
1,"[2, 5, 2, 1]",2,16,51,46,50+,20-49,0.7183098591549296,0,0.9123903705563409,-0.028732436720791107,-0.028732436720791107,0.0,0.003952716458005769,0.006507254085531188
1,"[2, 5, 2, 2]",1,1,85,6,50+,5-19,0.8095238095238095,1,0.06700173283451044,0.2581182707573779,0.24929327918521205,0.00882499157216629,-0.03214211776781983,-0.060752807487229
1,"[2, 5, 2, 2]",2,11,85,78,50+,50+,0.8095238095238095,0,0.921711583900002,-0.01856801421089238,-0.01856801421089238,0.0,0.0024063453821969454,0.004280926569449177
1,"[2, 6, 1, 1]",1,1,173,3,50+,1-4,0.8963730569948186,1,0.018072303525017472,-0.3001094805256339,-0.5488446190355711,0.248735138509937,0.03566371898895915,0.047725169680802315
1,"[2, 6, 1, 1]",2,45,173,169,50+,50+,0.8963730569948186,0,0.9747434834310054,0.019129216365541005,0.019129216365541005,0.0,-0.0012740176546485618,-0.0018634179456075107
1,"[2, 6, 1, 2]",2,9,41,39,20-49,20-49,0.6721311475409836,0,0.9528769229866234,-0.0035593777046401404,-0.0035593777046401404,0.0,0.0003086751033601518,0.0009349429109434255
1,"[2, 6, 2, 1]",0,1,44,1,20-49,1-4,0.6875,1,0.02165490256252877,0.11535021348997754,0.5549624865096425,-0.4396122730196649,-0.060988522320702954,-0.0632354172818661
1,"[2, 6, 2, 1]",2,7,44,40,20-49,20-49,0.6875,0,0.9238358172216254,-0.03451075723621462,-0.03451075723621462,0.0,0.003889073454449175,0.006360607218159302
1,"[2, 6, 2, 2]",1,1,114,3,50+,1-4,0.8507462686567164,1,0.026029511793495313,0.06474090842834013,0.15980668902960282,-0.09506578060126292,-0.01443380640620262,-0.017348937750323756
1,"[2, 6, 2, 2]",2,43,114,108,50+,50+,0.8507462686567164,0,0.948697703747642,-0.007954920124109463,-0.007954920124109463,0.0,0.0007200163169162395,0.0010684505269490658
1,"[2, 7, 1, 0]",2,1,0,0,0-0,0-0,0.0,0,0.995364986711864,0.0,0.0,0.0,0.0,0.0
1,"[2, 7, 1, 1]",0,1,486,0,50+,0-0,0.9604743083003953,1,2.503445015720583e-07,-3.2308043957334736,0.27662412548979187,-3.5074285212232654,-0.002938211267441204,-0.002910059579364521
1,"[2, 7, 1, 1]",2,112,486,483,50+,50+,0.9604743083003953,0,0.9938879441388088,-0.0014850226651330492,-0.0014850226651330492,0.0,1.58738786691243e-05,3.18588239694786e-05
1,"[2, 7, 1, 2]",2,21,76,76,50+,50+,0.7916666666666666,0,0.9990343722316384,0.003679693982706062,0.003679693982706062,0.0,-2.0550911194165607e-05,-4.0989721884576946e-05
1,"[2, 7, 2, 1]",2,26,107,107,50+,50+,0.84251968503937,0,0.9992700766475376,0.003915598393692649,0.003915598393692649,0.0,-2.0950560080726837e-05,-4.1786839664749856e-05
1,"[2, 7, 2, 2]",1,1,201,1,50+,1-4,0.9095022624434389,1,0.004943198720032253,0.06711029848685257,0.06460545235000836,0.002504846136844413,-0.0006157004113990228,-0.0012543370859554592
1,"[2, 7, 2, 2]",2,54,201,200,50+,50+,0.9095022624434389,0,0.9950556549060511,-0.00031082053897096146,-0.00031082053897096146,0.0,2.9632002268603725e-06,6.032253021985687e-06
1,"[2, 8, 1, 2]",2,1,0,0,0-0,0-0,0.0,1,0.09876543209876543,0.0,0.0,0.0,0.0,0.0
1,"[2, 8, 2, 2]",1,2,5,3,5-19,1-4,0.2,1,0.42733478576615824,0.10648653552371168,-0.0185892977442092,0.12507583326792088,0.008403825689074967,-0.05780722134411742
1,"[2, 8, 2, 2]",2,3,5,0,5-19,0-0,0.2,1,0.07901234567901234,-0.2231435513142097,-0.0185892977442092,-0.20455425357000045,0.008403825689074967,0.06803155861230947
1,"[2, 8, 2, 2]",3,1,5,2,5-19,1-4,0.2,0,0.3513144517066085,0.03525965829606004,0.03525965829606004,0.0,-0.015938948457620783,0.0041826116261078905
1,"[3, 2, 2, 2]",1,1,5,0,5-19,0-0,0.2,1,0.041810699588477364,-0.2231435513142097,0.1519009600932426,-0.37504451140745276,-0.031763511659808064,-0.007798567291571246
1,"[3, 2, 2, 2]",2,1,5,1,5-19,1-4,0.2,1,0.08444444444444445,0.41871033485818554,0.1519009600932426,0.26680937476494215,-0.031763511659808064,-0.08648169486358781
1,"[3, 3, 2, 2]",0,1,3,3,1-4,1-4,0.13043478260869565,0,0.9568350844433644,0.006789825626753183,0.006789825626753183,0.0,-0.0006008852040412023,-0.0009604931557820762
1,"[3, 3, 2, 2]",1,1,3,0,1-4,0-0,0.13043478260869565,1,0.03229375163866809,-0.13976194237515838,-0.13976194237515838,-1.6653345369377348e-16,0.012348589462949477,0.021677107002809004
1,"[3, 4, 1, 1]",1,1,6,4,5-19,1-4,0.23076923076923078,0,0.7698561601000624,-0.03942377945512643,-0.03942377945512643,0.0,0.01329072931370099,0.025459591980846567
1,"[3, 4, 1, 1]",2,1,6,2,5-19,1-4,0.23076923076923078,1,0.1712487627601897,0.33399945106638773,0.14446046315671301,0.18953898790967466,-0.04862296674633659,-0.13370484642307723
1,"[3, 4, 1, 2]",1,1,1,0,1-4,0-0,0.047619047619047616,0,0.762679055361982,-0.048790164169432104,-0.048790164169432104,0.0,0.016645773033694057,0.0235560469768999
1,"[3, 8, 1, 1]",1,1,1,0,1-4,0-0,0.047619047619047616,1,0.2669896787543846,-0.04879016416943194,-0.04879016416943205,1.1102230246251565e-16,0.023822289211751863,0.03816579331491188
1,"[3, 8, 2, 1]",1,1,1,0,1-4,0-0,0.047619047619047616,1,0.2669896787543846,-0.04879016416943194,0.03250848697232844,-0.08129865114176049,-0.01560128802695146,0.020140565205650107
1,"[3, 8, 2, 1]",2,1,1,0,1-4,0-0,0.047619047619047616,1,0.09438009438009438,-0.048790164169431716,0.03250848697232844,-0.08129865114176038,-0.01560128802695146,0.002879606768220855
2,"[0, 1, 1, 1]",0,8,59,57,50+,50+,0.7468354430379747,0,0.9727029475396997,-0.01982241861638192,-0.01982241861638192,0.0,0.0006839241548570401,0.0010248685036181493
2,"[0, 1, 1, 1]",1,2,59,1,50+,1-4,0.7468354430379747,1,0.01373929058579627,1.1685995015442767,1.2496649536568776,-0.08106545211260141,-0.03826346632937061,-0.056860707524411414
2,"[0, 1, 1, 1]",2,1,59,1,50+,1-4,0.7468354430379747,1,0.013377480783220909,1.549399371542143,1.2496649536568776,0.2997344178852651,-0.03826346632937061,-0.05899538535960591
2,"[0, 1, 1, 2]",0,16,45,44,20-49,20-49,0.6923076923076923,0,0.9822081977790196,-0.010097858838890276,-0.010097858838890276,0.0,0.00025534330810713377,0.0004946524870191506
2,"[0, 1, 1, 2]",1,1,45,0,20-49,0-0,0.6923076923076923,1,0.0013139070196600824,-1.1786549963416455,0.8216240276116267,-2.0002790239532726,-0.01968154669748068,-0.013529655930098139
2,"[0, 1, 2, 1]",0,15,47,46,20-49,20-49,0.7014925373134329,0,0.9827392963527801,-0.009557286036533235,-0.009557286036533235,0.0,0.00023672697223379703,0.00047312005122690433
2,"[0, 1, 2, 2]",0,283,1257,1250,50+,50+,0.9843382928739233,0,0.9943958753763793,0.002234233583163695,0.002234233583163695,0.0,-2.979870536628053e-05,-4.315188651974529e-05
2,"[0, 2, 1, 1]",0,5,34,29,20-49,20-49,0.6296296296296297,0,0.893726715329353,-0.07471788740298672,-0.07471788740298672,0.0,0.009929604897183574,0.01632320516002608
2,"[0, 2, 1, 1]",2,1,34,4,20-49,1-4,0.6296296296296297,1,0.07963546975874956,1.6683587213888695,1.0567766592100027,0.611582062178867,-0.12874122722261616,-0.2515870297800251
2,"[0, 2, 1, 2]",0,6,22,21,20-49,20-49,0.5238095238095238,0,0.9586010149472634,-0.004642982787719935,-0.004642982787719935,0.0,0.00034946982589190373,0.0008856307727399624
2,"[0, 2, 2, 1]",0,9,40,39,20-49,20-49,0.6666666666666666,0,0.9710207104630844,0.008229868774592967,0.008229868774592967,0.0,-0.0005246069154404212,-0.0006236388717296452
2,"[0, 2, 2, 2]",0,81,319,311,50+,50+,0.9410029498525073,0,0.9742219546542332,0.011521228910262436,0.011521228910262436,0.0,-0.0006998985156564034,-0.0009319217738568461
2,"[0, 2, 2, 2]",1,1,319,6,50+,5-19,0.9410029498525073,1,0.01884958893438028,-0.03395066323516227,-0.3597141003571904,0.3257634371220284,0.02161974801430433,0.022689611762835016
2,"[0, 2, 2, 2]",2,1,319,1,50+,1-4,0.9410029498525073,1,0.0038357385456415254,-1.3647388755677534,-0.3597141003571904,-1.005024775210562,0.02161974801430433,0.04374778436206839
2,"[0, 3, 1, 1]",0,1,25,21,20-49,20-49,0.5555555555555556,0,0.8893712928687217,-0.0670890675468109,-0.0670890675468109,0.0,0.009846073624401753,0.014408576271346306
2,"[0, 3, 1, 2]",0,3,30,30,20-49,20-49,0.6,0,0.9804341635818495,0.030391629482483147,0.030391629482483147,0.0,-0.0020098152623945677,-0.0033877896979375563
2,"[0, 3, 2, 1]",0,1,13,11,5-19,5-19,0.3939393939393939,0,0.9097487326997721,-0.04443542466807255,-0.04443542466807255,0.0,0.005752654032160808,0.0083441406997194
2,"[0, 3, 2, 2]",0,75,366,351,50+,50+,0.9481865284974094,0,0.9586054616038665,0.00787571604975839,0.00787571604975839,0.0,-0.0006791294081074214,-0.00084240473125715
2,"[0, 3, 2, 2]",1,4,366,14,50+,5-19,0.9481865284974094,1,0.03831047344482561,-0.02784292328183735,-0.16692678802879302,0.13908386474695555,0.01436097589037788,0.016361028647845277
2,"[0, 3, 2, 2]",3,1,366,0,50+,0-0,0.9481865284974094,1,5.424267548134734e-06,-2.960105095910839,-0.16692678802879302,-2.793178307882048,0.01436097589037788,0.01439622875948987
2,"[0, 4, 1, 1]",1,3,9,6,5-19,5-19,0.3103448275862069,0,0.5808990279122791,0.06875097693145127,0.06875097693145127,0.0,-0.03384037848921337,-0.07952549229987571
2,"[0, 4, 1, 2]",1,1,5,2,5-19,1-4,0.2,0,0.5138428723782438,-0.05390845169048508,-0.05390845169048508,0.0,0.026862749443350598,0.0349016011849938
2,"[0, 4, 2, 1]",1,2,2,0,1-4,0-0,0.09090909090909091,0,0.49300326406618616,-0.09531017980432488,-0.09531017980432488,0.0,0.04755968695345539,0.09258064583322179
2,"[0, 4, 2, 2]",0,4,61,29,50+,20-49,0.7530864197530864,1,0.45012523256391007,0.1879281379862321,0.10441940412709538,0.08350873385913687,-0.05210119542025776,-0.14549897732016015
2,"[0, 4, 2, 2]",1,12,61,29,50+,20-49,0.7530864197530864,0,0.49192681246242087,-0.09749602437952332,-0.09749602437952332,0.0,0.04865236060051001,0.10949066006075558
2,"[0, 6, 1, 1]",0,1,3,0,1-4,0-0,0.13043478260869565,1,0.0671735439580719,-0.13976194237515882,-0.13976194237515838,0.0,0.022912185892286274,0.041521826198309686
2,"[0, 7, 1, 1]",2,1,2,2,1-4,1-4,0.09090909090909091,0,0.9936823189165412,0.0006359869907707075,0.0006359869907707075,0.0,-8.381749797181848e-06,-1.3751128611015376e-05
2,"[0, 7, 1, 2]",2,1,0,0,0-0,0-0,0.0,0,0.9930505508081954,1.1188966420050406e-16,1.1188966420050406e-16,0.0,0.0,-1.5449880957918438e-18
2,"[0, 7, 2, 2]",2,2,0,0,0-0,0-0,0.0,0,0.9930505508081954,1.1188966420050406e-16,1.1188966420050406e-16,0.0,0.0,-1.5449880957918438e-18
2,"[1, 1, 2, 2]",0,2,3,3,1-4,1-4,0.13043478260869565,0,0.9934935701163503,0.0009828389417211574,0.0009828389417211574,0.0,-1.365259562044918e-05,-1.971516691672676e-05
2,"[1, 3, 1, 1]",1,1,3,0,1-4,0-0,0.13043478260869565,1,0.03837974721591848,-0.13976194237515882,-0.13976194237515838,0.0,0.01718757556093764,0.028140657540962177
2,"[1, 3, 1, 2]",0,1,7,7,5-19,5-19,0.25925925925925924,0,0.9477506369141351,0.019484039260251676,0.019484039260251676,0.0,-0.002245421663017608,-0.003283368246702007
2,"[1, 3, 2, 2]",0,15,55,51,50+,50+,0.7333333333333333,0,0.9278568959557553,-0.0017298732126846267,-0.0017298732126846267,0.0,0.00022920985524256185,0.0008968793860331219
2,"[1, 3, 2, 2]",1,3,55,3,50+,1-4,0.7333333333333333,1,0.051769789146215,0.15951491142646335,0.02251940913290973,0.13699550229355395,-0.002983717901411387,-0.017582208066438287
2,"[1, 4, 0, 2]",1,1,1,0,1-4,0-0,0.047619047619047616,0,0.7994032107722188,-0.04879016416943199,-0.04879016416943199,0.0,0.014438158004446311,0.023162418086910663
2,"[1, 4, 1, 1]",0,1,163,6,50+,5-19,0.8907103825136612,1,0.04184922212542993,-0.6838076902491386,-0.15347227390738638,-0.5303354163417523,0.03888704975960067,0.11777682879682705
2,"[1, 4, 1, 1]",1,25,163,141,50+,50+,0.8907103825136612,0,0.8622265979574678,0.02686248386261819,0.02686248386261819,0.0,-0.006819403533675359,-0.010071945140956974
2,"[1, 4, 1, 1]",2,7,163,13,50+,5-19,0.8907103825136612,1,0.07833117174627525,0.16028768443369312,-0.15347227390738638,0.3137599583410794,0.03888704975960067,0.01243260761660614
2,"[1, 4, 1, 2]",0,1,55,1,50+,1-4,0.7333333333333333,1,0.03544543531938235,-0.8498864190287807,-0.1651997800709777,-0.6846866389578031,0.041659620957061216,0.133814831987211
2,"[1, 4, 1, 2]",1,8,55,48,50+,20-49,0.7333333333333333,0,0.8638328990162213,0.028723719266475073,0.028723719266475073,0.0,-0.0072594344537220065,-0.010054117680175292
2,"[1, 4, 1, 2]",2,1,55,5,50+,5-19,0.7333333333333333,1,0.08446139239424494,0.23563658927904463,-0.1651997800709777,0.4008363693500221,0.041659620957061216,0.0034025958989551963
2,"[1, 4, 2, 1]",1,9,47,44,20-49,20-49,0.7014925373134329,0,0.9072756332271134,0.07779067254152504,0.07779067254152504,0.0,-0.017203105650615794,-0.023843357942263953
2,"[1, 4, 2, 2]",0,7,283,37,50+,20-49,0.933993399339934,1,0.12758550379192632,0.43090585800471715,0.16171285350249098,0.26919300450222594,-0.04653505264915958,-0.1280765187215318
2,"[1, 4, 2, 2]",1,70,283,229,50+,50+,0.933993399339934,0,0.811179760482563,-0.03416594448602067,-0.03416594448602067,0.0,0.009852169007373665,0.017640945623486247
2,"[1, 4, 2, 2]",2,1,283,15,50+,5-19,0.933993399339934,1,0.05390958557613324,-0.2133496438274487,0.16171285350249098,-0.3750624973299398,-0.04653505264915958,-0.013105004228476158
2,"[1, 4, 2, 2]",3,1,283,2,50+,1-4,0.933993399339934,1,0.007325150149377424,-0.404399674189837,0.16171285350249098,-0.566112527692328,-0.04653505264915958,-0.03144452680566601
2,"[1, 5, 1, 1]",1,2,22,5,20-49,5-19,0.5238095238095238,1,0.1880240971150062,0.26086723712598836,0.2512423847665921,0.009624852359396176,-0.06989460702770112,-0.1418723000931701
2,"[1, 5, 1, 1]",2,3,22,17,20-49,5-19,0.5238095238095238,0,0.8109163563709019,-0.0505059422852443,-0.0505059422852443,0.0,0.0141213769882828,0.028490670269800226
2,"[1, 5, 1, 2]",1,1,3,0,1-4,0-0,0.13043478260869565,1,0.1259570469056635,-0.13976194237515882,-0.13976194237515882,1.1275702593849246e-16,0.03309264465414363,0.06576258600505303
2,"[1, 5, 1, 2]",2,1,3,3,1-4,1-4,0.13043478260869565,0,0.8721081290251251,0.02224256272606487,0.02224256272606487,0.0,-0.005274916638318937,-0.010392089359108535
2,"[1, 5, 2, 1]",2,3,9,8,5-19,5-19,0.3103448275862069,0,0.8640857575026855,0.01300116557631037,0.01300116557631037,0.0,-0.0031585659861541535,-0.00608375647110726
2,"[1, 5, 2, 2]",1,1,11,2,5-19,1-4,0.3548387096774194,1,0.1579681315751697,0.08669042015792794,0.08049254939206474,0.0061978707658632195,-0.020877714047752183,-0.043142099216085805
2,"[1, 5, 2, 2]",2,6,11,9,5-19,5-19,0.3548387096774194,0,0.8405963537928348,-0.01455926973391039,-0.01455926973391039,0.0,0.0037782751243661226,0.007748945223345745
2,"[1, 6, 1, 1]",0,1,3,0,1-4,0-0,0.13043478260869565,1,0.01040149781568546,-0.13976194237515838,0.29934355887597963,-0.43910550125113845,-0.05655560505480817,-0.04715165000192689
2,"[1, 6, 1, 2]",2,1,1,1,1-4,1-4,0.047619047619047616,0,0.9136270428136457,0.004738133725724139,0.004738133725724139,0.0,-0.0007646794926443705,-0.0013489680322545973
2,"[1, 6, 2, 2]",2,2,8,7,5-19,5-19,0.2857142857142857,0,0.8995059963959485,-0.010838585281506066,-0.010838585281506066,0.0,0.0018740775346109424,0.004069721747613456
2,"[1, 7, 1, 1]",2,1,2,1,1-4,1-4,0.09090909090909091,0,0.9142346894328774,-0.04431296388360516,-0.04431296388360516,0.0,0.005389489578081734,0.010690586667262393
2,"[1, 8, 1, 1]",1,1,3,0,1-4,0-0,0.13043478260869565,1,0.39602150144439974,-0.1397619423751587,-0.07165466346282945,-0.06810727891232932,0.030915052196732073,0.10139875688688016
2,"[1, 8, 2, 1]",3,1,3,2,1-4,1-4,0.13043478260869565,0,0.33963506051852127,0.1559916642408532,0.1559916642408532,0.0,-0.0671944296477116,-0.0894432558289251
2,"[1, 8, 2, 2]",1,2,14,10,5-19,5-19,0.4117647058823529,1,0.562014545094741,0.21029728177788098,0.04333078740235058,0.16696649437553046,-0.017270479916764572,-0.13762156258525188
2,"[2, 1, 2, 2]",0,1,3,3,1-4,1-4,0.13043478260869565,0,0.9934935701163503,0.0009828389417211574,0.0009828389417211574,0.0,-1.365259562044918e-05,-1.971516691672676e-05
2,"[2, 2, 1, 1]",0,1,3,1,1-4,1-4,0.13043478260869565,0,0.7862133984028393,-0.08287319164464929,-0.08287319164464929,0.0,0.0244311490626026,0.047472473668275054
2,"[2, 2, 2, 1]",0,1,0,0,0-0,0-0,0.0,0,0.8541454081632652,0.0,0.0,0.0,0.0,0.0
2,"[2, 2, 2, 2]",0,1,10,8,5-19,5-19,0.3333333333333333,0,0.8360969387755102,-0.02135688462937657,-0.02135688462937657,0.0,0.005590651518898381,0.012090913002105609
2,"[2, 3, 2, 2]",0,2,14,11,5-19,5-19,0.4117647058823529,0,0.8289789453958544,-0.035881692761010525,-0.035881692761010525,0.0,0.009441637735256504,0.014272049505807995
2,"[2, 4, 1, 1]",1,5,55,38,50+,20-49,0.7333333333333333,0,0.691101166973765,-0.0007640088752987051,-0.0007640088752987051,0.0,0.00032604739233003943,0.011589246879302934
2,"[2, 4, 1, 1]",2,4,55,16,50+,5-19,0.7333333333333333,1,0.28248243464879425,0.08559546857144262,0.001711438338311,0.08388403023313169,-0.0007303709633775801,-0.03581378090803611
2,"[2, 4, 1, 2]",0,1,13,0,5-19,0-0,0.3939393939393939,1,0.023972693096146636,-0.5007752879124894,-0.0008669155817857543,-0.4999083723307036,0.0003696995215639598,0.040735287654954044
2,"[2, 4, 1, 2]",1,1,13,9,5-19,5-19,0.3939393939393939,0,0.6918965916070418,0.00038628181179506393,0.00038628181179506393,0.0,-0.00016473138928173314,0.009036355719117345
2,"[2, 4, 1, 2]",2,1,13,4,5-19,1-4,0.3939393939393939,1,0.2783691696563505,0.07092727930355602,-0.0008669155817857543,0.07179419488534196,0.0003696995215639598,-0.02854929281678098
2,"[2, 4, 2, 1]",1,1,6,5,5-19,5-19,0.23076923076923078,0,0.7243302893473991,0.046197260568247134,0.046197260568247134,0.0,-0.01909865228135106,-0.030404841706121066
2,"[2, 4, 2, 1]",2,2,6,1,5-19,1-4,0.23076923076923078,1,0.23793009994844488,-0.08604396900929956,-0.11209893517712555,0.026054966167826182,0.04630317411020951,0.07775504465450678
2,"[2, 4, 2, 2]",0,1,37,3,20-49,1-4,0.6491228070175439,1,0.06651050652934805,0.5196692452766678,0.1374696854190549,0.38219955985761334,-0.060795175598893636,-0.09852982968031476
2,"[2, 4, 2, 2]",1,3,37,23,20-49,20-49,0.6491228070175439,0,0.6461857460181119,-0.06796323355679623,-0.06796323355679623,0.0,0.030092084668120272,0.04626855642811131
2,"[2, 4, 2, 2]",2,2,37,11,20-49,5-19,0.6491228070175439,1,0.2839681157659573,0.09084106158135663,0.1374696854190549,-0.04662862383769803,-0.060795175598893636,-0.09393667550486029
2,"[2, 5, 1, 1]",0,1,269,0,50+,0-0,0.9307958477508651,1,0.0003240326059329123,-2.670694414558442,-0.22095909357371557,-2.4497353209847255,0.02465837467255816,0.03227654145058634
2,"[2, 5, 1, 1]",1,1,269,13,50+,5-19,0.9307958477508651,1,0.049072291130597426,-0.18584512529963337,-0.22095909357371557,0.035113968274082294,0.02465837467255816,0.043604695764061674
2,"[2, 5, 1, 1]",2,62,269,255,50+,50+,0.9307958477508651,0,0.9469806526624445,0.013940959106061752,0.013940959106061752,0.0,-0.0015620687076860216,-0.002660379029253002
2,"[2, 5, 1, 2]",1,1,34,4,20-49,1-4,0.6296296296296297,1,0.09596096549523436,0.48480183397794363,0.3991155341654782,0.08568629981246509,-0.05953163962750396,-0.12757171477870677
2,"[2, 5, 1, 2]",2,10,34,30,20-49,20-49,0.6296296296296297,0,0.9014334929527119,-0.035351437577607475,-0.035351437577607475,0.0,0.005342236411716698,0.011034878576717404
2,"[2, 5, 2, 1]",2,15,53,47,50+,20-49,0.726027397260274,0,0.8996905290335131,-0.03728685617398979,-0.03728685617398979,0.0,0.005688870065790125,0.00956538520253912
2,"[2, 5, 2, 2]",1,4,70,3,50+,1-4,0.7777777777777778,1,0.04646546818602951,-0.24043024831775872,-0.11171008960051232,-0.12872015871724626,0.013103737970964424,0.03714935873924596
2,"[2, 5, 2, 2]",2,23,70,66,50+,50+,0.7777777777777778,0,0.9408600957716272,0.007456748675947207,0.007456748675947207,0.0,-0.0008755916276452719,-0.002088248161570089
2,"[2, 6, 1, 1]",2,37,182,177,50+,50+,0.900990099009901,0,0.9711339361963477,0.013144123808388954,0.013144123808388954,0.0,-0.0008929238791201043,-0.0012648982059107678
2,"[2, 6, 1, 2]",0,1,37,1,20-49,1-4,0.6491228070175439,1,0.023029843299536962,0.3872755030673649,-0.2572950222401871,0.6445705253075529,0.01815644763696922,0.003065336964454435
2,"[2, 6, 1, 2]",2,12,37,36,20-49,20-49,0.6491228070175439,0,0.9678781598537236,0.009785940113733793,0.009785940113733793,0.0,-0.0006943609042536893,-0.0009958917850554508
2,"[2, 6, 2, 1]",1,1,40,2,20-49,1-4,0.6666666666666666,1,0.0419609815826519,0.48315592869271873,0.6616215949346973,-0.17846566624197868,-0.07318039526440911,-0.10300440904519226
2,"[2, 6, 2, 1]",2,11,40,36,20-49,20-49,0.6666666666666666,0,0.9194842518610374,-0.04150735427381673,-0.04150735427381673,0.0,0.00475661217974024,0.007088672068349299
2,"[2, 6, 2, 2]",0,1,130,2,50+,1-4,0.8666666666666667,1,0.015418007120490712,-0.013979286686808479,0.09175179331447136,-0.1057310800012794,-0.007637091726363732,-0.006972589362929993
2,"[2, 6, 2, 2]",2,27,130,124,50+,50+,0.8666666666666667,0,0.9544603674110815,-0.004174150849645224,-0.004174150849645224,0.0,0.00034768461769705,0.0005780944147517906
2,"[2, 7, 1, 1]",1,1,472,2,50+,1-4,0.959349593495935,1,0.0042529592582227875,-0.08338505920723716,0.09075109964477335,-0.17413615885201075,-0.0010921223963904492,-0.00035273596500107196
2,"[2, 7, 1, 1]",2,126,472,469,50+,50+,0.959349593495935,0,0.9936673470074631,-0.0005527378529827818,-0.0005527378529827818,0.0,6.656355867015942e-06,6.365799140669306e-06
2,"[2, 7, 1, 2]",2,11,86,86,50+,50+,0.8113207547169812,0,0.9989088181855834,0.004708273855612957,0.004708273855612957,0.0,-3.225546030475725e-05,-5.414953348969723e-05
2,"[2, 7, 2, 1]",2,31,102,102,50+,50+,0.8360655737704918,0,0.9990519239973101,0.004851525731338093,0.004851525731338093,0.0,-3.2547289949994446e-05,-5.463944865440884e-05
2,"[2, 7, 2, 2]",2,47,209,207,50+,50+,0.9126637554585153,0,0.990761287020401,-0.0034816031340413013,-0.0034816031340413013,0.0,5.190767946253962e-05,0.00011270695762041993
2,"[2, 8, 2, 2]",1,1,8,4,5-19,1-4,0.2857142857142857,1,0.4348482440807246,0.06180154287576811,0.022954930220819153,0.03884661265494893,-0.006816226876174381,-0.028127004246695675
2,"[2, 8, 2, 2]",3,2,8,1,5-19,1-4,0.2857142857142857,0,0.17197679961862386,-0.1036959293392179,-0.1036959293392179,0.0,0.030765212818724685,0.06157584018362372
2,"[3, 2, 2, 2]",0,2,5,2,5-19,1-4,0.2,0,0.7287433862433862,-0.10685912898439243,-0.10685912898439243,0.0,0.03783239549870873,0.05754096946649034
2,"[3, 3, 1, 2]",0,1,1,1,1-4,1-4,0.047619047619047616,0,0.9191492917728661,0.0044078273157647785,0.0044078273157647785,0.0,-0.0006700257946349892,-0.0011689613115345651
2,"[3, 3, 2, 2]",0,1,4,3,1-4,1-4,0.16666666666666666,0,0.8875889636345912,-0.030531975047981413,-0.030531975047981413,0.0,0.005429378281281143,0.010557827751425181
2,"[3, 4, 1, 1]",1,1,6,4,5-19,1-4,0.23076923076923078,0,0.7863984674329502,-0.04466357088510203,-0.04466357088510203,0.0,0.01405472431408817,0.026538428282719913
2,"[3, 4, 1, 1]",2,1,6,2,5-19,1-4,0.23076923076923078,1,0.16174136797478972,0.3831230851243126,0.18411688941262905,0.1990061957116835,-0.057784356145682,-0.14825583139217646
2,"[3, 4, 1, 2]",0,1,1,0,1-4,0-0,0.047619047619047616,1,0.05771686806169565,-0.048790164169431716,-0.04879016416943194,0.0,0.013986932362185622,0.018282503835532093
2,"[3, 4, 2, 1]",2,1,1,0,1-4,0-0,0.047619047619047616,1,0.10501312225450157,-0.048790164169431716,-0.04879016416943194,0.0,0.013986932362185622,0.023012129254812663
2,"[3, 4, 2, 2]",1,4,8,8,5-19,5-19,0.2857142857142857,0,0.8730842911877394,0.05990491378118748,0.05990491378118748,0.0,-0.015463293257585761,-0.023239900864654228
2,"[3, 8, 2, 1]",0,1,2,0,1-4,0-0,0.09090909090909091,1,0.1527093596059113,-0.09531017980432499,0.035295976285322495,-0.13060615608964743,-0.013924433581767912,0.032403853848022135
2,"[3, 8, 2, 2]",1,1,10,2,5-19,1-4,0.3333333333333333,1,0.3080459770114942,-0.16158565831477656,-0.055825161112303956,-0.10576049720247249,0.023560629959474888,0.10077981886373233
2,"[3, 8, 2, 2]",3,3,10,4,5-19,1-4,0.3333333333333333,0,0.3221674876847291,0.1287373106598484,0.1287373106598484,0.0,-0.05427188235579611,-0.08509867046303277
3,"[0, 1, 1, 1]",0,9,59,56,50+,50+,0.7468354430379747,0,0.9598051307370229,-0.03221658992778122,-0.03221658992778122,0.0,0.0015387192878500056,0.0023935616952400567
3,"[0, 1, 1, 1]",1,1,59,2,50+,1-4,0.7468354430379747,1,0.02679679868234877,1.5222930409947866,1.522432928847068,-0.0001398878522818614,-0.06131155206058425,-0.10235559742733624
3,"[0, 1, 1, 1]",2,1,59,1,50+,1-4,0.7468354430379747,1,0.013397413059536642,1.5235528191776861,1.522432928847068,0.0011198903306186558,-0.06131155206058425,-0.08141197260192778
3,"[0, 1, 1, 2]",0,7,55,53,50+,50+,0.7333333333333333,0,0.970994737709664,-0.020625816146921255,-0.020625816146921255,0.0,0.000764397013313362,0.0011426175916869358
3,"[0, 1, 2, 1]",0,11,51,50,50+,50+,0.7183098591549296,0,0.983445145467955,-0.00788500351192059,-0.00788500351192059,0.0,0.00019715498135934687,0.00040259954325706435
3,"[0, 1, 2, 2]",0,334,1205,1199,50+,50+,0.9836734693877551,0,0.9949588614924284,0.0037545261010708117,0.0037545261010708117,0.0,-5.149514976530619e-05,-8.009355775511818e-05
3,"[0, 1, 2, 2]",3,1,1205,0,50+,0-0,0.9836734693877551,1,4.24034010241439e-08,-4.114963849424836,-0.553674477425842,-3.5612893719989938,0.007405695012611679,0.007382206214445297
3,"[0, 2, 1, 1]",0,7,29,27,20-49,20-49,0.5918367346938775,0,0.944950602050565,-0.02112909211762893,-0.02112909211762893,0.0,0.0018144478317103703,0.003439035243832885
3,"[0, 2, 1, 1]",1,1,29,0,20-49,0-0,0.5918367346938775,1,0.00805819382902188,-0.8960880245566352,0.4565746722112549,-1.3526626967678905,-0.03854229811492815,-0.013548948598641974
3,"[0, 2, 1, 1]",2,3,29,2,20-49,1-4,0.5918367346938775,1,0.04599062541311367,1.2886457074655389,0.4565746722112549,0.8320710352542842,-0.03854229811492815,-0.10354489700477609
3,"[0, 2, 1, 2]",0,5,23,22,20-49,20-49,0.5348837209302325,0,0.9605251046622717,-0.0047816263388783045,-0.0047816263388783045,0.0,0.0003422789790397116,0.0008741096902971286
3,"[0, 2, 2, 1]",0,10,39,38,20-49,20-49,0.6610169491525424,0,0.9712301610250454,0.00630172996147178,0.00630172996147178,0.0,-0.00038828474824007724,-0.00044788016393256945
3,"[0, 2, 2, 2]",0,83,319,309,50+,50+,0.9410029498525073,0,0.9684441873170433,0.0034291079399509997,0.0034291079399509997,0.0,-0.00022021906880303793,-0.0002470999420305265
3,"[0, 3, 1, 1]",0,3,22,19,20-49,5-19,0.5238095238095238,0,0.906670904721587,-0.05089345552019429,-0.05089345552019429,0.0,0.006595138738489209,0.010186736353619375
3,"[0, 3, 1, 1]",2,1,22,1,20-49,1-4,0.5238095238095238,1,0.027473284783226304,1.2727865170905774,0.707684004389046,0.5651025127015319,-0.08808085164900215,-0.12404802751077448
3,"[0, 3, 1, 2]",0,7,26,26,20-49,20-49,0.5652173913043478,0,0.9800038695284055,0.02688351969871252,0.02688351969871252,0.0,-0.0017153360531608581,-0.0028014840683985055
3,"[0, 3, 2, 1]",0,5,8,7,5-19,5-19,0.2857142857142857,0,0.931434928510952,-0.023946669525942786,-0.023946669525942786,0.0,0.002585987741300389,0.003598045704839899
3,"[0, 3, 2, 1]",1,1,8,0,5-19,0-0,0.2857142857142857,1,0.02548810297348309,-0.33647223662121295,0.3993353417477974,-0.7358075783690103,-0.04256195506746108,-0.021159414725135273
3,"[0, 3, 2, 2]",0,98,342,328,50+,50+,0.9447513812154696,0,0.9587850220947698,0.00499388047022533,0.00499388047022533,0.0,-0.00041650688326927117,-0.000503767886290714
3,"[0, 3, 2, 2]",1,6,342,12,50+,5-19,0.9447513812154696,1,0.03512062674933018,-0.01589541531243821,-0.10964616967043828,0.09375075435799995,0.009135737475605032,0.010173911299675709
3,"[0, 4, 1, 1]",1,1,11,8,5-19,5-19,0.3548387096774194,0,0.6497022662040013,0.06792196943803597,0.06792196943803597,0.0,-0.0317102282642745,-0.07409594241006687
3,"[0, 4, 1, 2]",1,2,4,1,1-4,1-4,0.16666666666666666,0,0.547532093846835,-0.10317115764897805,-0.10317115764897805,0.0,0.050308475531742475,0.07447832555469913
3,"[0, 4, 2, 1]",0,1,3,1,1-4,1-4,0.13043478260869565,1,0.33203995611755877,0.0005844576191085249,-0.019990722625798263,0.020575180244906816,0.009503078471054027,0.00838116969907976
3,"[0, 4, 2, 2]",0,6,62,27,50+,20-49,0.7560975609756098,1,0.41020632915492505,0.21198942114831243,0.10692540964677444,0.10506401150153785,-0.05187310864317074,-0.1532712179001795
3,"[0, 4, 2, 2]",1,7,62,34,50+,20-49,0.7560975609756098,0,0.5626923201502931,-0.07585925838729407,-0.07585925838729407,0.0,0.03681927628864681,0.0921419262711029
3,"[0, 4, 2, 2]",3,2,62,0,50+,0-0,0.7560975609756098,1,0.00040488452693291873,-1.410986973710262,0.10692540964677444,-1.5179123833570367,-0.05187310864317074,0.005959825406269603
3,"[0, 5, 1, 1]",2,1,2,2,1-4,1-4,0.09090909090909091,0,0.9140602986756833,0.00944645042396268,0.00944645042396268,0.0,-0.00155098277537968,-0.0029896225483182926
3,"[0, 5, 2, 1]",2,1,2,1,1-4,1-4,0.09090909090909091,0,0.8686057532211379,-0.04156074751173937,-0.04156074751173937,0.0,0.008327833047492085,0.0164769248902571
3,"[0, 5, 2, 2]",2,1,4,4,1-4,1-4,0.16666666666666666,0,0.9212219404527097,0.017250893768104014,0.017250893768104014,0.0,-0.0027306323730560246,-0.005263475676999531
3,"[0, 6, 1, 1]",2,1,3,2,1-4,1-4,0.13043478260869565,0,0.8444543103245314,-0.031091928246210432,-0.031091928246210432,0.0,0.0075850404542198505,0.0148370905889466
3,"[0, 7, 1, 1]",2,1,2,2,1-4,1-4,0.09090909090909091,0,0.9945026977501782,0.0005529217961331304,0.0005529217961331304,0.0,-6.346269725438236e-06,-1.041171274571189e-05
3,"[0, 8, 2, 1]",0,1,1,0,1-4,0-0,0.047619047619047616,1,0.23242630385487525,-0.04879016416943194,0.014824820300568753,-0.06361498447000091,-0.005299758605699603,0.014866050420616173
3,"[0, 8, 2, 2]",0,2,4,4,1-4,1-4,0.16666666666666666,1,0.3700396825396825,0.4162468837114528,0.05095295266669811,0.3652939310447545,-0.01741810907604921,-0.23891335512257028
3,"[1, 1, 2, 2]",0,1,4,4,1-4,1-4,0.16666666666666666,0,0.9933766859344892,0.0013343848647055902,0.0013343848647055902,0.0,-1.9302047252571816e-05,-2.9887864241667767e-05
3,"[1, 3, 1, 1]",0,1,3,2,1-4,1-4,0.13043478260869565,0,0.8723858840369212,-0.03476061538369894,-0.03476061538369894,0.0,0.0069235938994992655,0.013309892374123462
3,"[1, 3, 1, 2]",0,4,4,4,1-4,1-4,0.16666666666666666,0,0.9193698055353828,0.01769597237272655,0.01769597237272655,0.0,-0.002860540434136866,-0.00493563198404307
3,"[1, 3, 2, 1]",0,1,1,1,1-4,1-4,0.047619047619047616,0,0.9078512063261518,0.005088026516825245,0.005088026516825245,0.0,-0.0008703685179934067,-0.0015017507335492765
3,"[1, 3, 2, 1]",2,1,1,0,1-4,0-0,0.047619047619047616,1,0.002420721374969741,-0.04879016416943127,-0.04879016416943216,0.0,0.008344510849391473,0.007955200771332382
3,"[1, 3, 2, 2]",0,15,57,51,50+,50+,0.7402597402597403,0,0.8969464328941452,-0.006996326762635757,-0.006996326762635757,0.0,0.0012582689997020571,0.002141665415914547
3,"[1, 3, 2, 2]",1,1,57,5,50+,5-19,0.7402597402597403,1,0.08606764815915144,0.056244367226083725,0.06305416472685899,-0.0068097975007754274,-0.011336398496926137,-0.019867407573550766
3,"[1, 4, 1, 1]",0,1,162,6,50+,5-19,0.8901098901098901,1,0.04203192863934513,-0.6742542136454479,-0.036500018203345475,-0.6377541954421023,0.009387910790139231,0.08952053729329568
3,"[1, 4, 1, 1]",1,28,162,138,50+,50+,0.8901098901098901,0,0.8511688025938715,0.006521337340820277,0.006521337340820277,0.0,-0.0016774871891417006,-0.0024621046433764143
3,"[1, 4, 1, 1]",2,5,162,15,50+,5-19,0.8901098901098901,1,0.08932328270360756,0.3516405659849764,-0.036500018203345475,0.38814058418832176,0.009387910790139231,-0.04435952686565292
3,"[1, 4, 1, 2]",0,1,50,1,50+,1-4,0.7142857142857143,1,0.037854443033725906,-0.7789353905199818,-0.28976054091262693,-0.489174849607355,0.06718226484742051,0.1526983992682427
3,"[1, 4, 1, 2]",1,11,50,45,50+,20-49,0.7142857142857143,0,0.8844674581726374,0.04489659222376734,0.04489659222376734,0.0,-0.010480444289392403,-0.014236525037199663
3,"[1, 4, 1, 2]",2,2,50,4,50+,1-4,0.7142857142857143,1,0.07509767788652251,0.17816802552685296,-0.28976054091262693,0.46792856643947994,0.06718226484742051,0.038914573532225605
3,"[1, 4, 1, 2]",3,1,50,0,50+,0-0,0.7142857142857143,1,0.002580420907114134,-1.252762968495368,-0.28976054091262693,-0.9630024275827411,0.06718226484742051,0.0763282886351837
3,"[1, 4, 2, 1]",1,15,40,38,20-49,20-49,0.6666666666666666,0,0.9152120345347436,0.07906664067496579,0.07906664067496579,0.0,-0.016639213422746185,-0.023763046832644772
3,"[1, 4, 2, 1]",2,1,40,2,20-49,1-4,0.6666666666666666,1,0.05428062420094293,-0.1464542779297493,-0.599159162570742,0.45270488464099307,0.12251264843827903,0.13251131183215215
3,"[1, 4, 2, 2]",0,7,298,37,50+,20-49,0.9371069182389937,1,0.1215402862023925,0.38756203268692246,0.11530991648686806,0.2722521162000544,-0.03155250401789356,-0.10365828856230386
3,"[1, 4, 2, 2]",1,53,298,246,50+,50+,0.9371069182389937,0,0.8267695662644171,-0.022563111422497478,-0.022563111422497478,0.0,0.006180570661734521,0.012174257286027695
3,"[1, 4, 2, 2]",2,3,298,13,50+,5-19,0.9371069182389937,1,0.04483282217627854,-0.33768110344301716,0.11530991648686806,-0.45299101992988544,-0.03155250401789356,0.010459283459500313
3,"[1, 4, 2, 2]",3,1,298,2,50+,1-4,0.9371069182389937,1,0.006857325356911917,-0.27539802036686645,0.11530991648686806,-0.3907079368537345,-0.03155250401789356,-0.021210521757625056
3,"[1, 5, 1, 1]",1,2,20,5,20-49,5-19,0.5,1,0.2099141431720617,0.21191075883430988,0.20685582334281838,0.005054935491491384,-0.06368886963522546,-0.12863907137668096
3,"[1, 5, 1, 1]",2,5,20,15,20-49,5-19,0.5,0,0.7893607147000812,-0.04866067061155549,-0.04866067061155549,0.0,0.015032559764937035,0.030254071679357862
3,"[1, 5, 2, 1]",2,1,11,10,5-19,5-19,0.3548387096774194,0,0.8572396318710724,0.03383343005409695,0.03383343005409695,0.0,-0.008955826038416655,-0.017683841030533
3,"[1, 5, 2, 2]",2,6,12,9,5-19,5-19,0.375,0,0.7992008933751015,-0.03627172140677387,-0.03627172140677387,0.0,0.01098393247463381,0.02209872787922767
3,"[1, 6, 2, 2]",2,1,9,8,5-19,5-19,0.3103448275862069,0,0.8889807694074625,-4.650862348234974e-05,-4.650862348234974e-05,0.0,9.178744519626816e-06,0.0010779567671518088
3,"[1, 7, 1, 2]",2,1,0,0,0-0,0-0,0.0,0,0.9539529675251959,-1.1796119636642288e-16,-1.1796119636642288e-16,0.0,0.0,1.0408340855860843e-17
3,"[1, 7, 2, 1]",2,1,0,0,0-0,0-0,0.0,0,0.9539529675251959,-1.1796119636642288e-16,-1.1796119636642288e-16,0.0,0.0,1.0408340855860843e-17
3,"[1, 8, 1, 1]",3,1,3,1,1-4,1-4,0.13043478260869565,0,0.27057453416149074,0.03541162115350893,0.03541162115350893,0.0,-0.013821979901069592,-0.03394113815776789
3,"[1, 8, 2, 1]",3,1,3,2,1-4,1-4,0.13043478260869565,0,0.31405279503105593,0.18442512745147654,0.18442512745147654,0.0,-0.07535992211008935,-0.10550473524121362
3,"[1, 8, 2, 2]",1,2,13,10,5-19,5-19,0.3939393939393939,1,0.6160714285714286,0.17625305095757388,0.05564160393928272,0.12061144701829113,-0.02029415227911073,-0.11716757308122974
3,"[1, 8, 2, 2]",3,1,13,2,5-19,1-4,0.3939393939393939,0,0.2188852813852814,-0.176588218085854,-0.176588218085854,0.0,0.06425671352175533,0.1664904355767789
3,"[2, 2, 1, 2]",0,2,0,0,0-0,0-0,0.0,0,0.8778966131907306,-1.3877787807814457e-16,-1.3877787807814457e-16,0.0,0.0,2.7755575615628914e-17
3,"[2, 2, 2, 2]",0,2,8,7,5-19,5-19,0.2857142857142857,0,0.8770690094219505,-0.0009431567427484466,-0.0009431567427484466,0.0,0.00020279137420646173,0.0013193396725954057
3,"[2, 2, 2, 2]",2,1,8,1,5-19,1-4,0.2857142857142857,1,0.11068833127656656,0.05310419454064608,0.006755026985130641,0.046349167555515186,-0.001452416163354009,-0.01178520284371154
3,"[2, 3, 1, 2]",1,1,1,0,1-4,0-0,0.047619047619047616,1,0.052126200274348417,-0.04879016416943216,-0.04879016416943216,0.0,0.01014034006717457,0.014701095069298287
3,"[2, 3, 2, 2]",0,3,13,10,5-19,5-19,0.3939393939393939,0,0.8359432063135768,-0.050572614506150165,-0.050572614506150165,0.0,0.01234766002186105,0.019164571168931176
3,"[2, 4, 1, 1]",1,11,47,32,20-49,20-49,0.7014925373134329,0,0.6700209488564409,0.03872527384697705,0.03872527384697705,0.0,-0.017444183697728197,-0.015414643537920797
3,"[2, 4, 1, 1]",2,6,47,14,20-49,5-19,0.7014925373134329,1,0.2941064872164005,0.030552313748362758,-0.07429865034152439,0.10485096408988727,0.033457356676999506,0.017787386753889134
3,"[2, 4, 1, 2]",1,3,12,7,5-19,5-19,0.375,0,0.6216063616681733,-0.03627667165417031,-0.03627667165417031,0.0,0.016851387638665588,0.0285172607001056
3,"[2, 4, 1, 2]",2,1,12,4,5-19,1-4,0.375,1,0.30328545760933856,0.06128487690132167,0.06260720361304672,-0.0013223267117249415,-0.02907624636314221,-0.05346782417049578
3,"[2, 4, 2, 1]",1,3,6,3,5-19,1-4,0.23076923076923078,0,0.611207829745444,-0.05314665678149927,-0.05314665678149927,0.0,0.0248289937599159,0.054029810470288236
3,"[2, 4, 2, 2]",1,7,34,19,20-49,5-19,0.6296296296296297,0,0.5905815476552138,-0.0874759795651261,-0.0874759795651261,0.0,0.04129311122906826,0.0611935979255471
3,"[2, 4, 2, 2]",2,2,34,11,20-49,5-19,0.6296296296296297,1,0.3093543452499784,0.08109777883831648,0.14140992248516737,-0.06031214364685078,-0.06668415079865858,-0.09497889025225315
3,"[2, 5, 1, 1]",1,1,275,13,50+,5-19,0.9322033898305084,1,0.048330086328366446,-0.26299531912151286,-0.194859489804176,-0.06813582931733661,0.022379588131359207,0.04985538804674294
3,"[2, 5, 1, 1]",2,57,275,260,50+,50+,0.9322033898305084,0,0.9445875307896445,0.012701120233691139,0.012701120233691139,0.0,-0.0014633151534147997,-0.003064889268108411
3,"[2, 5, 1, 2]",2,7,38,33,20-49,20-49,0.6551724137931034,0,0.8905745100507785,-0.04618046524133497,-0.04618046524133497,0.0,0.007440080953223797,0.015118157237923518
3,"[2, 5, 2, 1]",0,1,59,0,50+,0-0,0.7468354430379747,1,0.0005652085454857421,-1.3737155789130302,0.00511880375567797,-1.3788343826687082,-0.0006444513078078806,0.003157243525828246
3,"[2, 5, 2, 1]",1,1,59,4,50+,1-4,0.7468354430379747,1,0.0665490565426342,0.056889776866739794,0.00511880375567797,0.05177097311106233,-0.0006444513078078806,-0.007538053290995883
3,"[2, 5, 2, 1]",2,7,59,55,50+,50+,0.7468354430379747,0,0.9323205263663944,-0.0003705686505156014,-0.0003705686505156014,0.0,4.665425391853998e-05,0.0005136186691885175
3,"[2, 5, 2, 2]",0,1,77,0,50+,0-0,0.7938144329896907,1,0.00046032448549869715,-1.5789787049493915,0.11762846128090176,-1.6966071662302933,-0.015607531734061264,-0.01042728225046452
3,"[2, 5, 2, 2]",1,1,77,6,50+,5-19,0.7938144329896907,1,0.07481830378214538,0.17401296681116918,0.11762846128090176,0.056384505530268164,-0.015607531734061264,-0.03787084166628496
3,"[2, 5, 2, 2]",2,18,77,71,50+,50+,0.7938144329896907,0,0.9242610472468572,-0.009052686215852701,-0.009052686215852701,0.0,0.0012025320667394057,0.002838283011996184
3,"[2, 6, 1, 1]",2,45,174,169,50+,50+,0.8969072164948454,0,0.9704191752991391,0.007606171943450715,0.007606171943450715,0.0,-0.0004890951363479192,-0.0006172279424527672
3,"[2, 6, 1, 2]",0,1,39,1,20-49,1-4,0.6610169491525424,1,0.022369213254260913,0.33577341800777916,-0.2257884900541507,0.5615619080619294,0.014434005001470629,0.0015314816027358624
3,"[2, 6, 1, 2]",2,10,39,38,20-49,20-49,0.6610169491525424,0,0.9705308475937794,0.007721241670590871,0.007721241670590871,0.0,-0.000495689382789923,-0.0006381444731422396
3,"[2, 6, 2, 1]",2,11,41,36,20-49,20-49,0.6721311475409836,0,0.9059232788202128,-0.06116732444882109,-0.06116732444882109,0.0,0.0074863091416084325,0.011379663223432944
3,"[2, 6, 2, 2]",0,1,132,2,50+,1-4,0.868421052631579,1,0.015261734092114433,-0.046563531353100984,-0.40652516121008064,0.35996162985697944,0.023915712774645437,0.024997486156109083
3,"[2, 6, 2, 2]",1,3,132,1,50+,1-4,0.868421052631579,1,0.009330958878217622,-0.8071425664583392,-0.40652516121008064,-0.4006174052482584,0.023915712774645437,0.04671125333267123
3,"[2, 6, 2, 2]",2,22,132,129,50+,50+,0.868421052631579,0,0.9754034211054802,0.012729204964755894,0.012729204964755894,0.0,-0.000759128633016643,-0.001132245267463492
3,"[2, 7, 1, 1]",1,1,486,2,50+,1-4,0.9604743083003953,1,0.004133402775011422,-0.10152543187485374,0.07269226990872824,-0.17421770178358195,-0.0008579767787033621,2.4333141420918025e-05
3,"[2, 7, 1, 1]",2,112,486,483,50+,50+,0.9604743083003953,0,0.9938449198150255,-0.000434129941784182,-0.000434129941784182,0.0,5.1262315343357626e-06,4.06128610324945e-06
3,"[2, 7, 1, 2]",2,21,76,76,50+,50+,0.7916666666666666,0,0.9988075981916967,0.004546857553282459,0.004546857553282459,0.0,-3.133695847668547e-05,-5.2607997176277924e-05
3,"[2, 7, 2, 1]",2,23,110,110,50+,50+,0.8461538461538461,0,0.999119457126176,0.00485904005882685,0.00485904005882685,0.0,-3.198342479648822e-05,-5.369327475202105e-05
3,"[2, 7, 2, 2]",2,50,206,204,50+,50+,0.911504424778761,0,0.990643935515057,-0.0036601365454049205,-0.0036601365454049205,0.0,5.477716209728097e-05,0.00011819575619712982
3,"[3, 2, 2, 2]",0,1,6,3,5-19,1-4,0.23076923076923078,0,0.7464447317388494,-0.09444381631067197,-0.09444381631067197,0.0,0.03202626551838973,0.048697049169610256
3,"[3, 3, 1, 2]",0,1,1,1,1-4,1-4,0.047619047619047616,0,0.9215421574818008,0.004265963853316998,0.004265963853316998,0.0,-0.0006309523878925806,-0.001105997209124977
3,"[3, 4, 1, 1]",2,1,7,2,5-19,1-4,0.25925925925925924,1,0.1634245913065594,0.30368004581954566,0.10148984661074456,0.20219019920880082,-0.03401422710393531,-0.11018952850079256
3,"[3, 4, 2, 2]",1,2,10,10,5-19,5-19,0.3333333333333333,0,0.8651032725466696,0.0811728312020446,0.0811728312020446,0.0,-0.0227464088470226,-0.03419054853488927
3,"[3, 6, 2, 2]",2,1,1,1,1-4,1-4,0.047619047619047616,0,0.9587907313900432,0.0021513355644668664,0.0021513355644668664,0.0,-0.00017406589148517512,-0.00025903955864509717
3,"[3, 7, 1, 1]",2,1,0,0,0-0,0-0,0.0,0,0.9931283721877227,-1.1188966420050406e-16,-1.1188966420050406e-16,0.0,0.0,1.5178830414797062e-18
3,"[3, 8, 2, 2]",0,2,8,0,5-19,0-0,0.2857142857142857,1,0.07540516206482593,-0.3364722366212125,-0.13261078301908075,-0.20386145360213215,0.06225698562738413,0.08147088367159583
3,"[3, 8, 2, 2]",1,1,8,2,5-19,1-4,0.2857142857142857,1,0.3584183673469388,-0.11421796949188723,-0.13261078301908075,0.01839281352719352,0.06225698562738413,0.10788144789728615
3,"[3, 8, 2, 2]",2,1,8,1,5-19,1-4,0.2857142857142857,1,0.1471338535414166,-0.05843246166166649,-0.13261078301908075,0.07417832135741431,0.06225698562738413,0.03885383685286825
3,"[3, 8, 2, 2]",3,2,8,5,5-19,5-19,0.2857142857142857,0,0.4190426170468187,0.21890010552731776,0.21890010552731776,0.0,-0.10250892073516071,-0.1436191523428098
4,"[0, 1, 1, 1]",0,20,50,45,50+,20-49,0.7142857142857143,0,0.9256786002687871,-0.06705168404819337,-0.06705168404819337,0.0,0.005421156877046825,0.00823376234159026
4,"[0, 1, 1, 2]",0,13,49,47,20-49,20-49,0.7101449275362319,0,0.9680797394031173,-0.022264315203453282,-0.022264315203453282,0.0,0.0009163894556129962,0.0013684940044620543
4,"[0, 1, 2, 1]",0,16,46,45,20-49,20-49,0.696969696969697,0,0.9817803336184106,-0.008211184025259962,-0.008211184025259962,0.0,0.00022944266209651938,0.0004722385797602613
4,"[0, 1, 2, 2]",0,300,1239,1233,50+,50+,0.9841143764892772,0,0.9950734726122439,0.005237801749964818,0.005237801749964818,0.0,-7.824290885758758e-05,-0.00011738621060784031
4,"[0, 1, 2, 2]",2,1,1239,1,50+,1-4,0.9841143764892772,1,0.0008401950897836659,-1.2354748596520109,-0.7203632874481531,-0.515111572203858,0.01031850043411986,0.014379528756566007
4,"[0, 2, 0, 2]",0,1,0,0,0-0,0-0,0.0,0,0.9672897196261683,0.0,0.0,0.0,0.0,-2.168404344971009e-19
4,"[0, 2, 1, 1]",0,14,25,20,20-49,20-49,0.5555555555555556,0,0.8743509865005192,-0.10101617579931646,-0.10101617579931646,0.0,0.014717712151258024,0.02423012954648969
4,"[0, 2, 1, 1]",2,1,25,4,20-49,1-4,0.5555555555555556,1,0.09565653310416443,1.837680727267034,1.3458029997651537,0.4918777275018801,-0.17115975410004003,-0.3225060039443972
4,"[0, 2, 1, 2]",0,6,22,21,20-49,20-49,0.5238095238095238,0,0.9606141522029373,-0.006925235433314532,-0.006925235433314532,0.0,0.0004812825645587088,0.0010290959476233147
4,"[0, 2, 2, 1]",0,10,39,38,20-49,20-49,0.6610169491525424,0,0.9719626168224299,0.0048192864359488385,0.0048192864359488385,0.0,-0.0002838675866887933,-0.0002965478581532987
4,"[0, 2, 2, 2]",0,76,322,316,50+,50+,0.9415204678362573,0,0.9805432584576707,0.013608706211300746,0.013608706211300746,0.0,-0.0006913976506896795,-0.0009688037316990055
4,"[0, 2, 2, 2]",1,2,322,5,50+,5-19,0.9415204678362573,1,0.015640714921546714,-0.10981888246665772,-0.5194957941459974,0.40967691167933995,0.025815680012315156,0.02916929440511007
4,"[0, 2, 2, 2]",2,1,322,1,50+,1-4,0.9415204678362573,1,0.003814456110197074,-1.3842851800350555,-0.5194957941459974,-0.8647893858890581,0.025815680012315156,0.04836376067965187
4,"[0, 2, 2, 2]",3,1,322,0,50+,0-0,0.9415204678362573,1,1.5705105855554488e-06,-2.8390784635086135,-0.5194957941459974,-2.3195826693626156,0.025815680012315156,0.0255888443721608
4,"[0, 3, 1, 1]",0,5,21,17,20-49,5-19,0.5121951219512195,0,0.8734910076373491,-0.07408027065998012,-0.07408027065998012,0.0,0.01248288194893976,0.018189318218536647
4,"[0, 3, 1, 2]",0,7,26,26,20-49,20-49,0.5652173913043478,0,0.9741985068072025,0.03503698308657387,0.03503698308657387,0.0,-0.0028559261486955246,-0.004724641368728739
4,"[0, 3, 2, 2]",0,96,348,330,50+,50+,0.9456521739130435,0,0.9478617698726394,0.007630573705460206,0.007630573705460206,0.0,-0.0008032481588598952,-0.0009702978798321231
4,"[0, 3, 2, 2]",1,2,348,16,50+,5-19,0.9456521739130435,1,0.04602729195120499,-0.018829459753398226,-0.12944302557147358,0.11061356581807537,0.013607160273287788,0.015189870454249021
4,"[0, 4, 1, 1]",1,1,10,8,5-19,5-19,0.3333333333333333,0,0.6685436567789509,0.10349054483208897,0.10349054483208897,0.0,-0.04789223136052265,-0.0932262557678202
4,"[0, 4, 1, 1]",2,1,10,1,5-19,1-4,0.3333333333333333,1,0.05910005027652086,0.42468304885939645,-0.18090483929328627,0.6055878881526826,0.08356411186052648,-0.002669862270250123
4,"[0, 4, 1, 2]",2,1,5,0,5-19,0-0,0.2,1,0.03092006033182504,-0.2231435513142097,0.0014167175006682964,-0.22456026881487823,-0.0006785701448464576,0.022705082592266557
4,"[0, 4, 2, 2]",0,5,65,28,50+,20-49,0.7647058823529411,1,0.40875994440008284,0.19236356128916632,0.1428198411450513,0.04954372014411497,-0.06979707476540603,-0.16019462226621217
4,"[0, 4, 2, 2]",1,7,65,34,50+,20-49,0.7647058823529411,0,0.5418389376866886,-0.10664236081737721,-0.10664236081737721,0.0,0.0521560201980695,0.10481883409672527
4,"[0, 5, 1, 1]",2,1,2,2,1-4,1-4,0.09090909090909091,0,0.9089835942425584,0.010063453747292575,0.010063453747292575,0.0,-0.0017396370845706825,-0.003260753072965446
4,"[0, 5, 2, 2]",2,3,2,2,1-4,1-4,0.09090909090909091,0,0.9089835942425584,0.010063453747292575,0.010063453747292575,0.0,-0.0017396370845706825,-0.003260753072965446
4,"[0, 6, 1, 1]",2,1,3,2,1-4,1-4,0.13043478260869565,0,0.8305688057529075,-0.029170943528453758,-0.029170943528453758,0.0,0.007726602547576938,0.015185074847085325
4,"[0, 6, 2, 1]",2,1,1,1,1-4,1-4,0.047619047619047616,0,0.8620515491579462,0.008033352944259442,0.008033352944259442,0.0,-0.0019505519466965562,-0.0034539042971172274
4,"[0, 6, 2, 2]",2,2,3,1,1-4,1-4,0.13043478260869565,0,0.7870905448833423,-0.08293842526146714,-0.08293842526146714,0.0,0.024350109041653054,0.046990978757691454
4,"[0, 8, 1, 1]",3,1,1,0,1-4,0-0,0.047619047619047616,0,0.1910640799529688,-0.04879016416943194,-0.04879016416943194,0.0,0.015364596023848875,0.02646340759542143
4,"[0, 8, 2, 2]",0,2,4,4,1-4,1-4,0.16666666666666666,1,0.4264403292181071,0.3133401690659806,0.040976422750042374,0.2723637463159382,-0.012297784467137456,-0.19861576826025856
4,"[1, 2, 2, 2]",0,5,1,1,1-4,1-4,0.047619047619047616,0,0.9206349206349206,0.004319661144516401,0.004319661144516401,0.0,-0.0006456286218190985,-0.0010382175677726441
4,"[1, 3, 1, 1]",0,2,2,1,1-4,1-4,0.09090909090909091,0,0.8610836627140976,-0.0410782493383873,-0.0410782493383873,0.0,0.008728269860813844,0.01609523429544586
4,"[1, 3, 1, 2]",0,1,7,7,5-19,5-19,0.25925925925925924,0,0.9238459473966721,0.029275415861383033,0.029275415861383033,0.0,-0.004770039176206338,-0.007620179633541668
4,"[1, 3, 2, 2]",0,12,60,54,50+,50+,0.75,0,0.899298007246377,0.0023445487401470705,0.0023445487401470705,0.0,-0.0004285875595660023,0.0002060945290542522
4,"[1, 3, 2, 2]",1,1,60,5,50+,5-19,0.75,1,0.08185062974465149,0.05587667266521734,-0.020697300524697315,0.07657397318991443,0.003783368962173128,-0.004478170481297505
4,"[1, 4, 0, 2]",0,1,1,0,1-4,0-0,0.047619047619047616,1,0.07121675830826157,-0.04879016416943216,-0.04879016416943194,-2.220446049250313e-16,0.012531422938230619,0.018654111833777742
4,"[1, 4, 1, 1]",0,2,155,5,50+,5-19,0.8857142857142857,1,0.03711743956841996,-0.7004313959952548,0.035042865112366206,-0.7354742611076213,-0.009313957810994866,0.06911429775482758
4,"[1, 4, 1, 1]",1,36,155,130,50+,50+,0.8857142857142857,0,0.8394231766780785,-0.006565801471941218,-0.006565801471941218,0.0,0.001745280699223934,0.00485322295453728
4,"[1, 4, 1, 1]",2,2,155,18,50+,5-19,0.8857142857142857,1,0.11099595393713041,0.4437959388844033,0.035042865112366206,0.40875307377203685,-0.009313957810994866,-0.08576872953016035
4,"[1, 4, 1, 1]",3,1,155,2,50+,1-4,0.8857142857142857,1,0.012463429816370993,0.3194804472983046,0.035042865112366206,0.2844375821859386,-0.009313957810994866,-0.013022853401931211
4,"[1, 4, 1, 2]",1,12,53,44,50+,20-49,0.726027397260274,0,0.8342336427214214,-0.012767252722979433,-0.012767252722979433,0.0,0.003438849716473756,0.005591751945443535
4,"[1, 4, 2, 1]",1,6,49,47,20-49,20-49,0.7101449275362319,0,0.9260732741835328,0.09167259830758669,0.09167259830758669,0.0,-0.018574474698992493,-0.026380115012926662
4,"[1, 4, 2, 1]",2,1,49,2,20-49,1-4,0.7101449275362319,1,0.049627419405765524,-0.3611543191592306,-0.7406552019509858,0.3795008827917554,0.14366648180169694,0.17903519657601397
4,"[1, 4, 2, 2]",0,10,298,34,50+,20-49,0.9371069182389937,1,0.11162123246689779,0.40059296254037413,0.055157352438020224,0.34543561010235363,-0.014780756621987523,-0.08464941134341109
4,"[1, 4, 2, 2]",1,50,298,249,50+,50+,0.9371069182389937,0,0.8361605532033451,-0.01046011906393235,-0.01046011906393235,0.0,0.0028037288376982807,0.006622346602721117
4,"[1, 4, 2, 2]",2,3,298,13,50+,5-19,0.9371069182389937,1,0.045359408613200695,-0.45108018904007796,0.055157352438020224,-0.5062375414780982,-0.014780756621987523,0.04074823781641612
4,"[1, 4, 2, 2]",3,1,298,2,50+,1-4,0.9371069182389937,1,0.006858805716556364,-0.27778496155835786,0.055157352438020224,-0.3329423139963783,-0.014780756621987523,-0.0065697285035850594
4,"[1, 5, 1, 1]",1,1,23,6,20-49,5-19,0.5348837209302325,1,0.21006061433580242,0.3259506701314896,0.31572264239680625,0.01022802773468372,-0.09346210434165314,-0.1891915950574703
4,"[1, 5, 1, 1]",2,3,23,17,20-49,5-19,0.5348837209302325,0,0.7888421832864382,-0.06996572061034767,-0.06996572061034767,0.0,0.02087491721715445,0.042006013528991346
4,"[1, 5, 2, 1]",1,1,11,0,5-19,0-0,0.3548387096774194,1,0.09782601343353242,-0.4382549309311552,-0.4382549309311552,0.0,0.0954400399471248,0.18962488431486402
4,"[1, 5, 2, 2]",2,1,17,14,5-19,5-19,0.4594594594594595,0,0.8356814562518065,-0.012284492984605128,-0.012284492984605128,0.0,0.003287877477443267,0.006876920546996665
4,"[1, 6, 1, 1]",2,1,3,1,1-4,1-4,0.13043478260869565,0,0.8325247838008858,-0.08612423416482835,-0.08612423416482835,0.0,0.019473836482593095,0.029192065729572864
4,"[1, 6, 1, 2]",2,1,1,1,1-4,1-4,0.047619047619047616,0,0.9118128584485893,0.004847544040898419,0.004847544040898419,0.0,-0.0007971396233383771,-0.0011927003229960046
4,"[1, 6, 2, 1]",2,1,0,0,0-0,0-0,0.0,0,0.9074035013710187,-1.249000902703301e-16,-1.249000902703301e-16,0.0,0.0,1.9081958235744878e-17
4,"[1, 6, 2, 2]",1,1,9,0,5-19,0-0,0.3103448275862069,1,0.03180860529448416,-0.3715635564324833,-0.3715635564324833,0.0,0.05297763268382549,0.07937432149253398
4,"[1, 7, 1, 1]",1,1,2,0,1-4,0-0,0.09090909090909091,1,0.004343779087806391,-0.09531017980432477,-0.09531017980432477,0.0,0.001110421729330957,0.0019749815704024343
4,"[1, 7, 2, 2]",2,1,1,1,1-4,1-4,0.047619047619047616,0,0.9941491955143833,0.0002943051966110633,0.0002943051966110633,0.0,-3.508771095713615e-06,-5.7565023737645e-06
4,"[1, 8, 1, 1]",3,1,3,1,1-4,1-4,0.13043478260869565,0,0.28561329091551785,0.025381277883711473,0.025381277883711473,0.0,-0.01027840627315868,-0.02711435904529169
4,"[1, 8, 2, 1]",1,1,3,0,1-4,0-0,0.13043478260869565,1,0.4259455638034642,-0.1397619423751586,-0.1397619423751587,0.0,0.06127091980611353,0.12386847403445683
4,"[1, 8, 2, 2]",1,1,14,11,5-19,5-19,0.4117647058823529,1,0.6116690578670493,0.22211788515186215,0.07453396733221851,0.14758391781964358,-0.02797734466288869,-0.14990716516161695
4,"[1, 8, 2, 2]",3,1,14,2,5-19,1-4,0.4117647058823529,0,0.22262075561932088,-0.22378781204732867,-0.22378781204732867,0.0,0.08369171320416025,0.20542521169156314
4,"[2, 1, 2, 2]",0,1,3,3,1-4,1-4,0.13043478260869565,0,0.9918303196290187,0.0012363099884890923,0.0012363099884890923,0.0,-2.1524835949889042e-05,-3.2344197935282586e-05
4,"[2, 2, 1, 1]",0,1,2,1,1-4,1-4,0.09090909090909091,0,0.8443526170798897,-0.03997334740857855,-0.03997334740857855,0.0,0.00953372948113744,0.01840138623787658
4,"[2, 2, 1, 1]",2,1,2,1,1-4,1-4,0.09090909090909091,1,0.14234824736392135,0.2893518006740763,0.25005100423413396,0.03930079643994233,-0.05933679393484037,-0.12199948770531721
4,"[2, 2, 2, 2]",0,3,8,6,5-19,5-19,0.2857142857142857,0,0.841991341991342,-0.04277381598328636,-0.04277381598328636,0.0,0.01027435767695507,0.020588216265903625
4,"[2, 3, 2, 2]",0,2,13,11,5-19,5-19,0.3939393939393939,0,0.864337822671156,-0.01358207276946774,-0.01358207276946774,0.0,0.0030672386175478426,0.003841925845364299
4,"[2, 3, 2, 2]",2,1,13,1,5-19,1-4,0.3939393939393939,1,0.05131339853562076,0.3921605689516521,0.09115646064479854,0.3010041083068533,-0.02057193085495501,-0.053089825530831636
4,"[2, 4, 1, 1]",1,8,53,35,50+,20-49,0.726027397260274,0,0.6636068937976003,-0.012814140902372484,-0.012814140902372484,0.0,0.0056846411308673905,0.02496833965664877
4,"[2, 4, 1, 1]",2,3,53,17,50+,5-19,0.726027397260274,1,0.30684846236820446,0.1279435861142526,0.0257704972511823,0.1021730888630703,-0.011431895996413644,-0.06585134691914807
4,"[2, 4, 1, 2]",1,1,14,9,5-19,5-19,0.4117647058823529,0,0.6600971543301416,-0.018117059930513935,-0.018117059930513935,0.0,0.008058263724835965,0.012547855105082939
4,"[2, 4, 1, 2]",2,1,14,4,5-19,1-4,0.4117647058823529,1,0.27646875743761556,0.023687389898559008,0.03614989096750487,-0.012462501068945864,-0.01607775233736225,-0.024531900544453533
4,"[2, 4, 2, 1]",1,1,7,5,5-19,5-19,0.25925925925925924,0,0.6830853054527709,0.016115662297432276,0.016115662297432276,0.0,-0.00704075714966812,-0.005913788977609247
4,"[2, 4, 2, 1]",2,1,7,2,5-19,1-4,0.25925925925925924,1,0.2740717686251455,0.014979569692142425,-0.033877302491059025,0.04885687218320142,0.014799529033392267,0.007776735243053001
4,"[2, 4, 2, 2]",0,1,32,3,20-49,1-4,0.6153846153846154,1,0.07622678701110074,0.45856874704513384,0.08483235745753714,0.3737363895875965,-0.03817637084498382,-0.0870542822357987
4,"[2, 4, 2, 2]",1,6,32,20,20-49,20-49,0.6153846153846154,0,0.6431404470620158,-0.04414096259293687,-0.04414096259293687,0.0,0.019873059753466454,0.027069429927129046
4,"[2, 4, 2, 2]",2,4,32,9,20-49,5-19,0.6153846153846154,1,0.27692187986305633,0.025325012569287875,0.08483235745753714,-0.059507344888248936,-0.03817637084498382,-0.044829985109540726
4,"[2, 5, 1, 1]",1,1,269,13,50+,5-19,0.9307958477508651,1,0.049292682851946955,-0.2338529316700524,-0.22803756810531972,-0.005815363564733056,0.027252223980459234,0.05175307633908255
4,"[2, 5, 1, 1]",2,63,269,254,50+,50+,0.9307958477508651,0,0.9431554090674066,0.01555766890828151,0.01555766890828151,0.0,-0.0018672721063019027,-0.0033395884650511565
4,"[2, 5, 1, 2]",1,1,36,4,20-49,1-4,0.6428571428571429,1,0.09367116686094053,0.40816184344001805,0.30563168000491103,0.10253016343510667,-0.04675469542908539,-0.10468823183839593
4,"[2, 5, 1, 2]",2,8,36,32,20-49,20-49,0.6428571428571429,0,0.9030698789371522,-0.027873467239963173,-0.027873467239963173,0.0,0.004296868744662554,0.009147131635966373
4,"[2, 5, 2, 1]",1,1,55,4,50+,1-4,0.7333333333333333,1,0.06994113792283559,0.11602542063885668,0.18258547599560782,-0.06656005535675161,-0.026359718078494798,-0.040492285484156065
4,"[2, 5, 2, 1]",2,12,55,50,50+,50+,0.7333333333333333,0,0.9142921762730737,-0.01552321490917316,-0.01552321490917316,0.0,0.0022472514234101034,0.0034384254421533193
4,"[2, 5, 2, 2]",1,1,77,6,50+,5-19,0.7938144329896907,1,0.0746967561259038,0.18180808498959422,0.19625545547021073,-0.014447370480616895,-0.028515450451866653,-0.05156393495327216
4,"[2, 5, 2, 2]",2,19,77,70,50+,50+,0.7938144329896907,0,0.9131125074276343,-0.016814301683578017,-0.016814301683578017,0.0,0.0024508567409171336,0.00423735007005247
4,"[2, 6, 1, 1]",1,1,187,3,50+,1-4,0.9033816425120773,1,0.016879191164487325,-0.3807066339342655,-0.5932387975745943,0.21253216364032845,0.036682953319570055,0.051729611554263144
4,"[2, 6, 1, 1]",2,31,187,183,50+,50+,0.9033816425120773,0,0.9765812332551413,0.01961131873837305,0.01961131873837305,0.0,-0.0012479848092871713,-0.0018422013505070786
4,"[2, 6, 1, 2]",2,7,43,41,20-49,20-49,0.6825396825396826,0,0.9547986552986389,-0.0029461301912375795,-0.0029461301912375795,0.0,0.0002467381176739895,0.0007815046809285585
4,"[2, 6, 2, 1]",2,9,43,38,20-49,20-49,0.6825396825396826,0,0.9071796076795914,-0.05410616188220616,-0.05410616188220616,0.0,0.00681920178537731,0.010368318418244683
4,"[2, 6, 2, 2]",0,1,133,2,50+,1-4,0.869281045751634,1,0.015380049023701577,-0.1380823933353712,0.05445145893912473,-0.19253385227449538,-0.004537061023049183,0.00019502541113514127
4,"[2, 6, 2, 2]",2,24,133,127,50+,50+,0.869281045751634,0,0.955243890743884,-0.002479925441786511,-0.002479925441786511,0.0,0.00020668587060812126,0.00038412028956166236
4,"[2, 7, 0, 1]",2,1,0,0,0-0,0-0,0.0,0,0.9930546460296303,0.0,0.0,0.0,0.0,0.0
4,"[2, 7, 1, 1]",2,126,473,469,50+,50+,0.9594320486815415,0,0.991604650954549,-0.0014612032758236238,-0.0014612032758236238,0.0,2.2243943821228295e-05,3.175433604867396e-05
4,"[2, 7, 1, 2]",2,20,77,77,50+,50+,0.7938144329896907,0,0.9985679682535321,0.005536527118880948,0.005536527118880948,0.0,-4.61872268508363e-05,-7.944518541466462e-05
4,"[2, 7, 2, 1]",2,22,111,111,50+,50+,0.8473282442748091,0,0.9989396406152107,0.005908663239231768,0.005908663239231768,0.0,-4.711357974881773e-05,-8.103857568200422e-05
4,"[2, 7, 2, 2]",2,52,204,202,50+,50+,0.9107142857142857,0,0.9904513076812169,-0.0026249881815731523,-0.0026249881815731523,0.0,4.2939583225057066e-05,9.741389483679429e-05
4,"[2, 8, 1, 1]",2,1,1,0,1-4,0-0,0.047619047619047616,1,0.2108134920634921,-0.04879016416943194,0.01685198802596949,-0.06564215219540137,-0.006431696846852131,0.032845187409454524
4,"[2, 8, 2, 2]",1,1,10,4,5-19,1-4,0.3333333333333333,1,0.4059027777777778,-0.007244864418504471,-0.016867011108301688,0.009622146689797328,0.006636134018132733,0.016093870563271773
4,"[3, 1, 2, 2]",0,1,1,0,1-4,0-0,0.047619047619047616,0,0.8968034839800868,-0.0487901641694321,-0.0487901641694321,0.0,0.007244058287929436,0.014186553546846704
4,"[3, 3, 1, 1]",0,1,0,0,0-0,0-0,0.0,0,0.9054487179487178,-1.249000902703301e-16,-1.249000902703301e-16,0.0,0.0,2.0816681711721685e-17
4,"[3, 3, 2, 2]",0,1,4,3,1-4,1-4,0.16666666666666666,0,0.8795405982905983,-0.02903091799813169,-0.02903091799813169,0.0,0.005570522522645921,0.010906905215576874
4,"[3, 4, 1, 1]",1,2,6,3,5-19,1-4,0.23076923076923078,0,0.6962107380064035,-0.0811633049361275,-0.0811633049361275,0.0,0.03229915034269897,0.06080625517952852
4,"[3, 4, 2, 2]",1,4,8,8,5-19,5-19,0.2857142857142857,0,0.8250528281488033,0.08863171447181306,0.08863171447181306,0.0,-0.029382252421182826,-0.04488976804851176
4,"[3, 6, 1, 2]",2,1,0,0,0-0,0-0,0.0,0,0.9541006758801573,0.0,0.0,0.0,0.0,0.0
4,"[3, 7, 2, 1]",2,1,0,0,0-0,0-0,0.0,0,0.9926864943929792,1.1188966420050406e-16,1.1188966420050406e-16,0.0,0.0,-1.6263032587282567e-18
4,"[3, 7, 2, 2]",2,1,0,0,0-0,0-0,0.0,0,0.9926864943929792,1.1188966420050406e-16,1.1188966420050406e-16,0.0,0.0,-1.6263032587282567e-18
4,"[3, 8, 2, 2]",3,1,13,6,5-19,5-19,0.3939393939393939,0,0.37477337477337475,0.16308822033943515,0.16308822033943515,0.0,-0.07370285127019138,-0.1097792655031713
