group,method,reference_n,observed_n,reference_change_pp,estimate_change_pp,error_pp,matrix_half_L1_pp,conditional_on_fixed_nuisance,maximum_absolute_delete_one_shift_pp,n,not_refitted_LOO
all,unadjusted,10742,6056,-0.8099050456153389,-0.9742404227212675,-0.1643353771059286,1.7284651881883404,True,0.016676175131745873,6056,True
all,baseline_standardization,10742,6056,-0.8099050456153389,-0.7704990444597104,0.039406001155628534,0.5856119576922647,True,0.001014720827465205,10742,True
all,crossfit_aipw,10742,6056,-0.8099050456153389,-0.838201906763486,-0.028296861148147112,0.48125266867252486,True,0.02630153141716257,10742,True
Latino_employed_2020,unadjusted,561,278,0.7130124777183666,-0.7194244604316558,-1.4324369381500224,2.190974493132767,True,0.36360803054307456,278,True
Latino_employed_2020,baseline_standardization,561,278,0.7130124777183666,-0.35041324063500023,-1.0634257183533669,3.0579839451768542,True,0.01871255464996259,561,True
Latino_employed_2020,crossfit_aipw,561,278,0.7130124777183666,-0.4276375828934753,-1.140650060611842,1.7935655697739719,True,0.5037396154069164,561,True
R_renter_2020,unadjusted,742,397,-10.646900269541781,-10.075566750629728,0.5713335189120539,0.5713335189120549,True,0.22708190214487442,397,True
R_renter_2020,baseline_standardization,742,397,-10.646900269541781,-10.075566750629728,0.5713335189120539,0.5713335189120549,True,1.87284585800465e-18,742,True
R_renter_2020,crossfit_aipw,742,397,-10.646900269541781,-10.096251971032233,0.5506482985095484,0.5506482985095478,True,0.3051826006774178,742,True
