after,before,cohort,group,measure,n,positive_n,w,w2,weight_missing_n,weight_zero_n
D,D,full,Latino_employed_2020,house,210,210,133.1474,466.47302154,0,0
R,D,full,Latino_employed_2020,house,3,3,2.1598,3.13888946,0,0
missing_item,D,full,Latino_employed_2020,house,23,23,1.099,0.25354652,0,0
not_post,D,full,Latino_employed_2020,house,49,0,0.0,0.0,49,0
not_race,D,full,Latino_employed_2020,house,1,1,0.0107,0.00011448999999999998,0,0
other,D,full,Latino_employed_2020,house,9,9,1.968,1.1004952799999999,0,0
unknown,D,full,Latino_employed_2020,house,1,1,0.0004,1.6e-07,0,0
D,R,full,Latino_employed_2020,house,7,7,2.7012,2.16277094,0,0
R,R,full,Latino_employed_2020,house,138,138,111.2949,409.59914591,0,0
missing_item,R,full,Latino_employed_2020,house,14,14,0.1674,0.00361722,0,0
not_post,R,full,Latino_employed_2020,house,27,0,0.0,0.0,27,0
not_race,R,full,Latino_employed_2020,house,3,3,0.030299999999999997,0.0004382099999999999,0,0
other,R,full,Latino_employed_2020,house,1,1,0.0028,7.84e-06,0,0
D,missing_item,full,Latino_employed_2020,house,4,4,22.7593,152.56289265,0,0
R,missing_item,full,Latino_employed_2020,house,3,3,30.102,316.58522544,0,0
missing_item,missing_item,full,Latino_employed_2020,house,33,33,71.5081,395.67604723,0,0
not_post,missing_item,full,Latino_employed_2020,house,7,0,0.0,0.0,7,0
D,not_post,full,Latino_employed_2020,house,1,1,0.74,0.5476,0,0
R,not_post,full,Latino_employed_2020,house,4,4,10.646299999999998,101.03606650999998,0,0
missing_item,not_post,full,Latino_employed_2020,house,1,1,0.1114,0.01240996,0,0
not_post,not_post,full,Latino_employed_2020,house,7,0,0.0,0.0,7,0
D,not_race,full,Latino_employed_2020,house,3,3,0.5102,0.10497842,0,0
R,not_race,full,Latino_employed_2020,house,3,3,0.7382,0.2511789,0,0
not_post,not_race,full,Latino_employed_2020,house,3,0,0.0,0.0,3,0
other,not_race,full,Latino_employed_2020,house,1,1,0.3411,0.11634921000000001,0,0
R,not_vote,full,Latino_employed_2020,house,2,2,2.9984,8.507012660000001,0,0
D,other,full,Latino_employed_2020,house,7,7,4.5001,4.16932439,0,0
R,other,full,Latino_employed_2020,house,5,5,1.6082999999999998,0.8832538099999999,0,0
missing_item,other,full,Latino_employed_2020,house,1,1,0.0117,0.00013689,0,0
not_post,other,full,Latino_employed_2020,house,2,0,0.0,0.0,2,0
D,unknown,full,Latino_employed_2020,house,2,2,11.7035,134.35934593,0,0
R,unknown,full,Latino_employed_2020,house,4,4,1.8887,1.1412945700000001,0,0
missing_item,unknown,full,Latino_employed_2020,house,2,2,0.014799999999999999,0.0001657,0,0
not_post,unknown,full,Latino_employed_2020,house,2,0,0.0,0.0,2,0
unknown,unknown,full,Latino_employed_2020,house,1,1,0.0014,1.96e-06,0,0
D,D,full,Latino_employed_2020,pid,276,276,183.7072,615.58261912,0,0
I,D,full,Latino_employed_2020,pid,11,11,3.8147,2.96405805,0,0
R,D,full,Latino_employed_2020,pid,9,9,5.702999999999999,8.632398879999998,0,0
unknown,D,full,Latino_employed_2020,pid,3,3,0.7473,0.47868185,0,0
D,I,full,Latino_employed_2020,pid,12,12,17.598,123.35880466,0,0
I,I,full,Latino_employed_2020,pid,63,63,70.2813,413.10404877,0,0
R,I,full,Latino_employed_2020,pid,13,13,10.0204,13.47467342,0,0
unknown,I,full,Latino_employed_2020,pid,3,3,5.0386,24.694411340000002,0,0
D,R,full,Latino_employed_2020,pid,8,8,3.4017,5.185546349999999,0,0
I,R,full,Latino_employed_2020,pid,10,10,2.3649,0.89998557,0,0
R,R,full,Latino_employed_2020,pid,159,159,142.5245,637.93081701,0,0
unknown,R,full,Latino_employed_2020,pid,1,1,0.104,0.010816,0,0
D,unknown,full,Latino_employed_2020,pid,3,3,1.8178,2.78410404,0,0
I,unknown,full,Latino_employed_2020,pid,8,8,25.6104,131.80839572,0,0
R,unknown,full,Latino_employed_2020,pid,1,1,6.4044,41.016339359999996,0,0
unknown,unknown,full,Latino_employed_2020,pid,4,4,8.4305,53.119776869999995,0,0
D,D,omitted,Latino_employed_2020,house,94,94,69.199,304.56138138,0,0
R,D,omitted,Latino_employed_2020,house,2,2,1.8415,3.0375745700000003,0,0
missing_item,D,omitted,Latino_employed_2020,house,16,16,0.29919999999999997,0.0114206,0,0
not_post,D,omitted,Latino_employed_2020,house,32,0,0.0,0.0,32,0
other,D,omitted,Latino_employed_2020,house,3,3,1.1703,0.9280421099999999,0,0
unknown,D,omitted,Latino_employed_2020,house,1,1,0.0004,1.6e-07,0,0
D,R,omitted,Latino_employed_2020,house,4,4,0.4852,0.09486182000000001,0,0
R,R,omitted,Latino_employed_2020,house,62,62,57.074600000000004,223.43371096,0,0
missing_item,R,omitted,Latino_employed_2020,house,11,11,0.13369999999999999,0.00305605,0,0
not_post,R,omitted,Latino_employed_2020,house,22,0,0.0,0.0,22,0
not_race,R,omitted,Latino_employed_2020,house,1,1,0.0093,8.648999999999998e-05,0,0
D,missing_item,omitted,Latino_employed_2020,house,2,2,6.6142,21.899223399999997,0,0
R,missing_item,omitted,Latino_employed_2020,house,1,1,11.5908,134.34664464,0,0
missing_item,missing_item,omitted,Latino_employed_2020,house,20,20,33.300399999999996,110.94915033999999,0,0
not_post,missing_item,omitted,Latino_employed_2020,house,6,0,0.0,0.0,6,0
R,not_post,omitted,Latino_employed_2020,house,3,3,10.5368,101.02407625999999,0,0
missing_item,not_post,omitted,Latino_employed_2020,house,1,1,0.1114,0.01240996,0,0
not_post,not_post,omitted,Latino_employed_2020,house,6,0,0.0,0.0,6,0
D,not_race,omitted,Latino_employed_2020,house,3,3,0.5102,0.10497842,0,0
R,not_race,omitted,Latino_employed_2020,house,1,1,0.4493,0.20187048999999999,0,0
not_post,not_race,omitted,Latino_employed_2020,house,2,0,0.0,0.0,2,0
D,other,omitted,Latino_employed_2020,house,2,2,1.486,1.44408058,0,0
R,other,omitted,Latino_employed_2020,house,1,1,0.1436,0.02062096,0,0
not_post,other,omitted,Latino_employed_2020,house,1,0,0.0,0.0,1,0
D,unknown,omitted,Latino_employed_2020,house,1,1,0.1127,0.012701289999999999,0,0
R,unknown,omitted,Latino_employed_2020,house,1,1,0.6467,0.41822089000000007,0,0
missing_item,unknown,omitted,Latino_employed_2020,house,1,1,0.0021,4.409999999999999e-06,0,0
not_post,unknown,omitted,Latino_employed_2020,house,1,0,0.0,0.0,1,0
unknown,unknown,omitted,Latino_employed_2020,house,1,1,0.0014,1.96e-06,0,0
D,D,omitted,Latino_employed_2020,pid,136,136,91.02289999999999,268.98947737000003,0,0
I,D,omitted,Latino_employed_2020,pid,6,6,2.4472,2.12409914,0,0
R,D,omitted,Latino_employed_2020,pid,6,6,4.5373,7.903275109999999,0,0
unknown,D,omitted,Latino_employed_2020,pid,2,2,0.0568,0.0018916,0,0
D,I,omitted,Latino_employed_2020,pid,7,7,6.4502,23.05235278,0,0
I,I,omitted,Latino_employed_2020,pid,29,29,23.1011,94.72648065,0,0
R,I,omitted,Latino_employed_2020,pid,9,9,8.3901,12.360301490000001,0,0
unknown,I,omitted,Latino_employed_2020,pid,3,3,5.0386,24.694411340000002,0,0
D,R,omitted,Latino_employed_2020,pid,4,4,3.0285,5.139108009999999,0,0
I,R,omitted,Latino_employed_2020,pid,5,5,0.9254,0.23727122,0,0
R,R,omitted,Latino_employed_2020,pid,81,81,76.3327,377.54371703000004,0,0
unknown,R,omitted,Latino_employed_2020,pid,1,1,0.104,0.010816,0,0
D,unknown,omitted,Latino_employed_2020,pid,1,1,0.056,0.0031360000000000003,0,0
I,unknown,omitted,Latino_employed_2020,pid,7,7,17.9072,72.46910548,0,0
R,unknown,omitted,Latino_employed_2020,pid,1,1,6.4044,41.016339359999996,0,0
unknown,unknown,omitted,Latino_employed_2020,pid,4,4,8.4305,53.119776869999995,0,0
D,D,retained,Latino_employed_2020,house,116,116,63.9484,161.91164016,0,0
R,D,retained,Latino_employed_2020,house,1,1,0.3183,0.10131489000000002,0,0
missing_item,D,retained,Latino_employed_2020,house,7,7,0.7998,0.24212592000000002,0,0
not_post,D,retained,Latino_employed_2020,house,17,0,0.0,0.0,17,0
not_race,D,retained,Latino_employed_2020,house,1,1,0.0107,0.00011448999999999998,0,0
other,D,retained,Latino_employed_2020,house,6,6,0.7977,0.17245317,0,0
D,R,retained,Latino_employed_2020,house,3,3,2.2159999999999997,2.06790912,0,0
R,R,retained,Latino_employed_2020,house,76,76,54.2203,186.16543495,0,0
missing_item,R,retained,Latino_employed_2020,house,3,3,0.0337,0.00056117,0,0
not_post,R,retained,Latino_employed_2020,house,5,0,0.0,0.0,5,0
not_race,R,retained,Latino_employed_2020,house,2,2,0.020999999999999998,0.0003517199999999999,0,0
other,R,retained,Latino_employed_2020,house,1,1,0.0028,7.84e-06,0,0
D,missing_item,retained,Latino_employed_2020,house,2,2,16.1451,130.66366925,0,0
R,missing_item,retained,Latino_employed_2020,house,2,2,18.5112,182.2385808,0,0
missing_item,missing_item,retained,Latino_employed_2020,house,13,13,38.207699999999996,284.72689689,0,0
not_post,missing_item,retained,Latino_employed_2020,house,1,0,0.0,0.0,1,0
D,not_post,retained,Latino_employed_2020,house,1,1,0.74,0.5476,0,0
R,not_post,retained,Latino_employed_2020,house,1,1,0.1095,0.01199025,0,0
not_post,not_post,retained,Latino_employed_2020,house,1,0,0.0,0.0,1,0
R,not_race,retained,Latino_employed_2020,house,2,2,0.2889,0.04930841,0,0
not_post,not_race,retained,Latino_employed_2020,house,1,0,0.0,0.0,1,0
other,not_race,retained,Latino_employed_2020,house,1,1,0.3411,0.11634921000000001,0,0
R,not_vote,retained,Latino_employed_2020,house,2,2,2.9984,8.507012660000001,0,0
D,other,retained,Latino_employed_2020,house,5,5,3.0141,2.72524381,0,0
R,other,retained,Latino_employed_2020,house,4,4,1.4647,0.8626328499999999,0,0
missing_item,other,retained,Latino_employed_2020,house,1,1,0.0117,0.00013689,0,0
not_post,other,retained,Latino_employed_2020,house,1,0,0.0,0.0,1,0
D,unknown,retained,Latino_employed_2020,house,1,1,11.5908,134.34664464,0,0
R,unknown,retained,Latino_employed_2020,house,3,3,1.242,0.72307368,0,0
missing_item,unknown,retained,Latino_employed_2020,house,1,1,0.0127,0.00016129,0,0
not_post,unknown,retained,Latino_employed_2020,house,1,0,0.0,0.0,1,0
D,D,retained,Latino_employed_2020,pid,140,140,92.6843,346.59314175000003,0,0
I,D,retained,Latino_employed_2020,pid,5,5,1.3675,0.8399589099999999,0,0
R,D,retained,Latino_employed_2020,pid,3,3,1.1657,0.7291237700000001,0,0
unknown,D,retained,Latino_employed_2020,pid,1,1,0.6905,0.47679025,0,0
D,I,retained,Latino_employed_2020,pid,5,5,11.1478,100.30645188,0,0
I,I,retained,Latino_employed_2020,pid,34,34,47.1802,318.37756812000003,0,0
R,I,retained,Latino_employed_2020,pid,4,4,1.6302999999999999,1.11437193,0,0
D,R,retained,Latino_employed_2020,pid,4,4,0.37320000000000003,0.04643834,0,0
I,R,retained,Latino_employed_2020,pid,5,5,1.4395,0.66271435,0,0
R,R,retained,Latino_employed_2020,pid,78,78,66.1918,260.38709998,0,0
D,unknown,retained,Latino_employed_2020,pid,2,2,1.7618,2.7809680400000003,0,0
I,unknown,retained,Latino_employed_2020,pid,1,1,7.7032,59.33929024,0,0
D,D,full,R_renter_2020,house,18,18,12.1087,18.70231649,0,0
R,D,full,R_renter_2020,house,13,13,10.2888,10.80670834,0,0
missing_item,D,full,R_renter_2020,house,11,11,0.15439999999999998,0.0033419199999999995,0,0
not_post,D,full,R_renter_2020,house,6,0,0.0,0.0,6,0
not_race,D,full,R_renter_2020,house,1,1,0.0102,0.00010404000000000001,0,0
other,D,full,R_renter_2020,house,1,1,0.1748,0.030555040000000006,0,0
unknown,D,full,R_renter_2020,house,2,2,0.0385,0.0008095700000000001,0,0
D,R,full,R_renter_2020,house,9,9,13.634,62.63857632,0,0
R,R,full,R_renter_2020,house,378,378,440.4809,1385.34952461,0,0
missing_item,R,full,R_renter_2020,house,64,64,2.9967,1.19841609,0,0
not_post,R,full,R_renter_2020,house,64,0,0.0,0.0,64,0
not_race,R,full,R_renter_2020,house,6,6,0.0533,0.00063011,0,0
not_vote,R,full,R_renter_2020,house,1,1,0.0167,0.00027889,0,0
other,R,full,R_renter_2020,house,10,10,5.7851,9.87184659,0,0
unknown,R,full,R_renter_2020,house,3,3,0.0262,0.00037294,0,0
unknown_party,R,full,R_renter_2020,house,1,1,0.2274,0.051710759999999995,0,0
D,missing_item,full,R_renter_2020,house,6,6,13.7305,42.08083165,0,0
R,missing_item,full,R_renter_2020,house,22,22,119.1915,1023.27442621,0,0
missing_item,missing_item,full,R_renter_2020,house,71,71,190.3795,1281.52785647,0,0
not_post,missing_item,full,R_renter_2020,house,18,0,0.0,0.0,18,0
not_race,missing_item,full,R_renter_2020,house,1,1,0.0311,0.0009672099999999999,0,0
R,not_post,full,R_renter_2020,house,2,2,1.8321,2.2605236100000003,0,0
missing_item,not_post,full,R_renter_2020,house,1,1,0.018,0.00032399999999999996,0,0
not_post,not_post,full,R_renter_2020,house,4,0,0.0,0.0,4,0
R,not_race,full,R_renter_2020,house,9,9,11.0619,19.69790285,0,0
missing_item,not_race,full,R_renter_2020,house,3,3,0.2466,0.03236708,0,0
R,not_vote,full,R_renter_2020,house,1,1,7.2749,52.92417001,0,0
missing_item,not_vote,full,R_renter_2020,house,1,1,0.2675,0.07155625,0,0
not_post,not_vote,full,R_renter_2020,house,1,0,0.0,0.0,1,0
R,other,full,R_renter_2020,house,5,5,4.7897,9.82212615,0,0
not_post,other,full,R_renter_2020,house,5,0,0.0,0.0,5,0
other,other,full,R_renter_2020,house,1,1,0.0702,0.00492804,0,0
D,unknown,full,R_renter_2020,house,1,1,5.2549,27.61397401,0,0
R,unknown,full,R_renter_2020,house,3,3,2.5274,3.01444588,0,0
missing_item,unknown,full,R_renter_2020,house,2,2,0.1397,0.016176489999999998,0,0
not_post,unknown,full,R_renter_2020,house,2,0,0.0,0.0,2,0
unknown,unknown,full,R_renter_2020,house,1,1,0.006,3.6e-05,0,0
R,unknown_party,full,R_renter_2020,house,1,1,0.3446,0.11874916,0,0
D,R,full,R_renter_2020,pid,20,20,22.8471,62.18686345,0,0
I,R,full,R_renter_2020,pid,59,59,79.1786,384.75956750000006,0,0
R,R,full,R_renter_2020,pid,663,663,886.0597,4025.02325263,0,0
unknown,R,full,R_renter_2020,pid,7,7,17.8661,138.36581323000001,0,0
D,D,omitted,R_renter_2020,house,9,9,8.9681,17.13339043,0,0
R,D,omitted,R_renter_2020,house,4,4,3.4747,3.40354047,0,0
missing_item,D,omitted,R_renter_2020,house,8,8,0.11019999999999999,0.0020833199999999996,0,0
not_post,D,omitted,R_renter_2020,house,4,0,0.0,0.0,4,0
not_race,D,omitted,R_renter_2020,house,1,1,0.0102,0.00010404000000000001,0,0
unknown,D,omitted,R_renter_2020,house,1,1,0.0134,0.00017956000000000002,0,0
D,R,omitted,R_renter_2020,house,4,4,8.7343,53.39222007,0,0
R,R,omitted,R_renter_2020,house,136,136,197.0426,869.28240708,0,0
missing_item,R,omitted,R_renter_2020,house,35,35,1.5593,0.46676525,0,0
not_post,R,omitted,R_renter_2020,house,42,0,0.0,0.0,42,0
not_race,R,omitted,R_renter_2020,house,3,3,0.0282,0.0003065,0,0
other,R,omitted,R_renter_2020,house,7,7,2.3275,2.08779833,0,0
unknown,R,omitted,R_renter_2020,house,1,1,0.0058,3.3639999999999996e-05,0,0
D,missing_item,omitted,R_renter_2020,house,5,5,13.4489,42.001533089999995,0,0
R,missing_item,omitted,R_renter_2020,house,14,14,84.097,801.5449203,0,0
missing_item,missing_item,omitted,R_renter_2020,house,35,35,108.1251,802.47749793,0,0
not_post,missing_item,omitted,R_renter_2020,house,12,0,0.0,0.0,12,0
R,not_post,omitted,R_renter_2020,house,1,1,0.3765,0.14175225,0,0
missing_item,not_post,omitted,R_renter_2020,house,1,1,0.018,0.00032399999999999996,0,0
not_post,not_post,omitted,R_renter_2020,house,3,0,0.0,0.0,3,0
R,not_race,omitted,R_renter_2020,house,5,5,7.1431,15.31532275,0,0
missing_item,not_race,omitted,R_renter_2020,house,1,1,0.1658,0.027489640000000003,0,0
R,not_vote,omitted,R_renter_2020,house,1,1,7.2749,52.92417001,0,0
missing_item,not_vote,omitted,R_renter_2020,house,1,1,0.2675,0.07155625,0,0
R,other,omitted,R_renter_2020,house,3,3,4.2386,9.65614174,0,0
not_post,other,omitted,R_renter_2020,house,4,0,0.0,0.0,4,0
D,unknown,omitted,R_renter_2020,house,1,1,5.2549,27.61397401,0,0
R,unknown,omitted,R_renter_2020,house,2,2,2.4272,3.00440584,0,0
missing_item,unknown,omitted,R_renter_2020,house,1,1,0.1265,0.01600225,0,0
not_post,unknown,omitted,R_renter_2020,house,1,0,0.0,0.0,1,0
unknown,unknown,omitted,R_renter_2020,house,1,1,0.006,3.6e-05,0,0
R,unknown_party,omitted,R_renter_2020,house,1,1,0.3446,0.11874916,0,0
D,R,omitted,R_renter_2020,pid,11,11,19.1281,59.010087649999996,0,0
I,R,omitted,R_renter_2020,pid,28,28,44.958,252.77319248,0,0
R,R,omitted,R_renter_2020,pid,306,306,464.2425,2601.9684552900003,0,0
unknown,R,omitted,R_renter_2020,pid,3,3,12.615400000000001,120.41825306000001,0,0
D,D,retained,R_renter_2020,house,9,9,3.1406,1.56892606,0,0
R,D,retained,R_renter_2020,house,9,9,6.8141,7.403167870000001,0,0
missing_item,D,retained,R_renter_2020,house,3,3,0.044199999999999996,0.0012586,0,0
not_post,D,retained,R_renter_2020,house,2,0,0.0,0.0,2,0
other,D,retained,R_renter_2020,house,1,1,0.1748,0.030555040000000006,0,0
unknown,D,retained,R_renter_2020,house,1,1,0.0251,0.0006300100000000001,0,0
D,R,retained,R_renter_2020,house,5,5,4.8997,9.24635625,0,0
R,R,retained,R_renter_2020,house,242,242,243.4383,516.06711753,0,0
missing_item,R,retained,R_renter_2020,house,29,29,1.4374,0.7316508400000001,0,0
not_post,R,retained,R_renter_2020,house,22,0,0.0,0.0,22,0
not_race,R,retained,R_renter_2020,house,3,3,0.0251,0.00032361000000000005,0,0
not_vote,R,retained,R_renter_2020,house,1,1,0.0167,0.00027889,0,0
other,R,retained,R_renter_2020,house,3,3,3.4576,7.78404826,0,0
unknown,R,retained,R_renter_2020,house,2,2,0.0204,0.0003393,0,0
unknown_party,R,retained,R_renter_2020,house,1,1,0.2274,0.051710759999999995,0,0
D,missing_item,retained,R_renter_2020,house,1,1,0.2816,0.07929856,0,0
R,missing_item,retained,R_renter_2020,house,8,8,35.094500000000004,221.72950591,0,0
missing_item,missing_item,retained,R_renter_2020,house,36,36,82.2544,479.05035854,0,0
not_post,missing_item,retained,R_renter_2020,house,6,0,0.0,0.0,6,0
not_race,missing_item,retained,R_renter_2020,house,1,1,0.0311,0.0009672099999999999,0,0
R,not_post,retained,R_renter_2020,house,1,1,1.4556,2.11877136,0,0
not_post,not_post,retained,R_renter_2020,house,1,0,0.0,0.0,1,0
R,not_race,retained,R_renter_2020,house,4,4,3.9188,4.382580099999999,0,0
missing_item,not_race,retained,R_renter_2020,house,2,2,0.0808,0.00487744,0,0
not_post,not_vote,retained,R_renter_2020,house,1,0,0.0,0.0,1,0
R,other,retained,R_renter_2020,house,2,2,0.5510999999999999,0.16598440999999997,0,0
not_post,other,retained,R_renter_2020,house,1,0,0.0,0.0,1,0
other,other,retained,R_renter_2020,house,1,1,0.0702,0.00492804,0,0
R,unknown,retained,R_renter_2020,house,1,1,0.1002,0.01004004,0,0
missing_item,unknown,retained,R_renter_2020,house,1,1,0.0132,0.00017423999999999999,0,0
not_post,unknown,retained,R_renter_2020,house,1,0,0.0,0.0,1,0
D,R,retained,R_renter_2020,pid,9,9,3.719,3.1767758,0,0
I,R,retained,R_renter_2020,pid,31,31,34.220600000000005,131.98637502000003,0,0
R,R,retained,R_renter_2020,pid,357,357,421.8172,1423.05479734,0,0
unknown,R,retained,R_renter_2020,pid,4,4,5.2507,17.94756017,0,0
D,D,full,all,house,3875,3875,3281.4247,10753.46236355,0,0
R,D,full,all,house,168,168,181.6645,445.72164747,0,0
missing_item,D,full,all,house,364,364,29.8266,45.50156028,0,0
not_post,D,full,all,house,573,0,0.0,0.0,573,0
not_race,D,full,all,house,106,106,1.8637,0.20287423,0,0
not_vote,D,full,all,house,7,7,0.1839,0.01310153,0,0
other,D,full,all,house,131,131,49.1684,205.72412466,0,0
unknown,D,full,all,house,35,35,0.68,0.02608214,0,0
D,R,full,all,house,161,161,139.9917,505.90875901,0,0
R,R,full,all,house,3017,3017,3089.0466,7714.67505608,0,0
missing_item,R,full,all,house,251,251,14.2741,16.83907887,0,0
not_post,R,full,all,house,409,0,0.0,0.0,409,0
not_race,R,full,all,house,28,28,1.0999999999999999,0.70349084,0,0
not_vote,R,full,all,house,3,3,0.0298,0.00040982,0,0
other,R,full,all,house,71,71,19.2278,16.12222792,0,0
unknown,R,full,all,house,20,20,0.2144,0.0044997,0,0
unknown_party,R,full,all,house,4,4,0.8668,0.22142054,0,0
D,missing_item,full,all,house,99,99,337.6216,2181.30065172,0,0
R,missing_item,full,all,house,78,78,391.2942,3314.47811808,0,0
missing_item,missing_item,full,all,house,695,695,1606.0358,9188.26367364,0,0
not_post,missing_item,full,all,house,137,0,0.0,0.0,137,0
not_race,missing_item,full,all,house,10,10,2.6291,2.6584726100000005,0,0
other,missing_item,full,all,house,12,12,22.6969,101.47353003,0,0
unknown,missing_item,full,all,house,6,6,2.3212,4.92297174,0,0
D,not_post,full,all,house,51,51,96.2715,585.29566789,0,0
R,not_post,full,all,house,26,26,70.8943,554.9371265699999,0,0
missing_item,not_post,full,all,house,45,45,81.6896,467.11378740000004,0,0
not_post,not_post,full,all,house,75,0,0.0,0.0,75,0
not_race,not_post,full,all,house,2,2,0.1892,0.027754400000000002,0,0
not_vote,not_post,full,all,house,1,1,0.0041,1.6810000000000003e-05,0,0
other,not_post,full,all,house,1,1,0.0924,0.008537759999999998,0,0
unknown,not_post,full,all,house,1,1,0.0169,0.00028560999999999994,0,0
D,not_race,full,all,house,58,58,33.3572,37.60871532,0,0
R,not_race,full,all,house,52,52,41.8225,52.25666027,0,0
missing_item,not_race,full,all,house,31,31,10.8683,36.79742589,0,0
not_post,not_race,full,all,house,23,0,0.0,0.0,23,0
not_race,not_race,full,all,house,14,14,0.1571,0.0022931699999999998,0,0
not_vote,not_race,full,all,house,2,2,0.0395,0.00110017,0,0
other,not_race,full,all,house,7,7,0.8207,0.17881425,0,0
unknown,not_race,full,all,house,1,1,0.0005,2.5e-07,0,0
D,not_vote,full,all,house,12,12,7.1829,8.73029611,0,0
R,not_vote,full,all,house,9,9,13.558399999999999,63.93479806,0,0
missing_item,not_vote,full,all,house,9,9,0.5126000000000001,0.1113375,0,0
not_post,not_vote,full,all,house,6,0,0.0,0.0,6,0
not_vote,not_vote,full,all,house,2,2,0.013300000000000001,0.00013357,0,0
D,other,full,all,house,53,53,34.1359,31.06452293,0,0
R,other,full,all,house,48,48,37.7045,45.85682117,0,0
missing_item,other,full,all,house,8,8,1.0031,0.74139041,0,0
not_post,other,full,all,house,18,0,0.0,0.0,18,0
not_race,other,full,all,house,7,7,0.09480000000000001,0.0019615400000000003,0,0
other,other,full,all,house,29,29,5.7084,2.20441456,0,0
unknown,other,full,all,house,1,1,0.0028,7.84e-06,0,0
unknown_party,other,full,all,house,1,1,0.2642,0.06980164,0,0
D,unknown,full,all,house,41,41,80.9256,608.97639646,0,0
R,unknown,full,all,house,37,37,50.1902,215.41346834,0,0
missing_item,unknown,full,all,house,34,34,5.4176,6.360518539999999,0,0
not_post,unknown,full,all,house,22,0,0.0,0.0,22,0
not_race,unknown,full,all,house,4,4,0.5651999999999999,0.15089993999999998,0,0
other,unknown,full,all,house,1,1,0.0589,0.00346921,0,0
unknown,unknown,full,all,house,16,16,0.2071,0.00801023,0,0
R,unknown_party,full,all,house,1,1,0.3446,0.11874916,0,0
D,D,full,all,pid,4971,4971,4170.162,14786.76776944,0,0
I,D,full,all,pid,188,188,163.353,589.67642298,0,0
R,D,full,all,pid,70,70,93.9852,453.61690368,0,0
unknown,D,full,all,pid,23,23,40.5926,212.8352026,0,0
D,I,full,all,pid,216,216,249.3739,1117.84322269,0,0
I,I,full,all,pid,1267,1267,1551.8791,7061.947589230001,0,0
R,I,full,all,pid,158,158,199.1927,877.12122091,0,0
unknown,I,full,all,pid,52,52,95.3959,516.3949033900001,0,0
D,R,full,all,pid,79,79,87.1082,333.38149484,0,0
I,R,full,all,pid,236,236,240.8066,924.3211254400001,0,0
R,R,full,all,pid,3557,3557,3757.7688,11308.80392276,0,0
unknown,R,full,all,pid,21,21,42.3432,374.73902988000003,0,0
D,unknown,full,all,pid,32,32,39.016,191.61685396000001,0,0
I,unknown,full,all,pid,60,60,111.7204,596.0604842600001,0,0
R,unknown,full,all,pid,20,20,19.9572,62.63332472,0,0
unknown,unknown,full,all,pid,59,59,147.1028,980.9869861600001,0,0
D,D,omitted,all,house,1546,1546,1502.445,5943.907167339999,0,0
R,D,omitted,all,house,77,77,90.0001,275.41591139,0,0
missing_item,D,omitted,all,house,195,195,13.5838,15.115777819999998,0,0
not_post,D,omitted,all,house,363,0,0.0,0.0,363,0
not_race,D,omitted,all,house,41,41,0.4523,0.00687573,0,0
not_vote,D,omitted,all,house,2,2,0.039,0.00076212,0,0
other,D,omitted,all,house,55,55,33.9533,199.74229915,0,0
unknown,D,omitted,all,house,21,21,0.3972,0.01696264,0,0
D,R,omitted,all,house,66,66,66.2263,207.42191981000002,0,0
R,R,omitted,all,house,1061,1061,1198.5481,3898.0544969899997,0,0
missing_item,R,omitted,all,house,128,128,7.7297,5.54949649,0,0
not_post,R,omitted,all,house,276,0,0.0,0.0,276,0
not_race,R,omitted,all,house,9,9,0.9026,0.69979362,0,0
other,R,omitted,all,house,32,32,7.7248,4.1809117,0,0
unknown,R,omitted,all,house,9,9,0.0796,0.00098992,0,0
unknown_party,R,omitted,all,house,1,1,0.3569,0.12737761,0,0
D,missing_item,omitted,all,house,50,50,157.9355,951.22914801,0,0
R,missing_item,omitted,all,house,38,38,202.237,1775.32453162,0,0
missing_item,missing_item,omitted,all,house,359,359,864.5223,5249.34655697,0,0
not_post,missing_item,omitted,all,house,97,0,0.0,0.0,97,0
not_race,missing_item,omitted,all,house,5,5,2.2747,2.5976518900000003,0,0
other,missing_item,omitted,all,house,5,5,3.5484999999999998,3.0647816299999997,0,0
unknown,missing_item,omitted,all,house,3,3,0.0744,0.0018682999999999998,0,0
D,not_post,omitted,all,house,28,28,58.8194,387.5416997,0,0
R,not_post,omitted,all,house,17,17,48.5804,392.04632494,0,0
missing_item,not_post,omitted,all,house,26,26,50.0233,292.37139337,0,0
not_post,not_post,omitted,all,house,65,0,0.0,0.0,65,0
not_race,not_post,omitted,all,house,2,2,0.1892,0.027754400000000002,0,0
not_vote,not_post,omitted,all,house,1,1,0.0041,1.6810000000000003e-05,0,0
unknown,not_post,omitted,all,house,1,1,0.0169,0.00028560999999999994,0,0
D,not_race,omitted,all,house,23,23,9.936,8.533381160000001,0,0
R,not_race,omitted,all,house,20,20,20.3445,32.99084673,0,0
missing_item,not_race,omitted,all,house,14,14,3.1719,3.83692365,0,0
not_post,not_race,omitted,all,house,18,0,0.0,0.0,18,0
not_race,not_race,omitted,all,house,6,6,0.0761,0.00102389,0,0
not_vote,not_race,omitted,all,house,1,1,0.0071,5.041000000000001e-05,0,0
other,not_race,omitted,all,house,2,2,0.046099999999999995,0.0016440099999999998,0,0
D,not_vote,omitted,all,house,5,5,2.149,1.00332486,0,0
R,not_vote,omitted,all,house,4,4,9.488299999999999,54.958028909999996,0,0
missing_item,not_vote,omitted,all,house,6,6,0.49110000000000004,0.11107069,0,0
not_post,not_vote,omitted,all,house,2,0,0.0,0.0,2,0
not_vote,not_vote,omitted,all,house,1,1,0.0019,3.61e-06,0,0
D,other,omitted,all,house,17,17,9.6012,7.128359580000001,0,0
R,other,omitted,all,house,18,18,15.6716,23.911046040000002,0,0
missing_item,other,omitted,all,house,3,3,0.1121,0.01079185,0,0
not_post,other,omitted,all,house,11,0,0.0,0.0,11,0
not_race,other,omitted,all,house,5,5,0.0776,0.0017944000000000002,0,0
other,other,omitted,all,house,13,13,2.4952,1.0359231400000002,0,0
unknown,other,omitted,all,house,1,1,0.0028,7.84e-06,0,0
unknown_party,other,omitted,all,house,1,1,0.2642,0.06980164,0,0
D,unknown,omitted,all,house,24,24,29.3729,109.18200947,0,0
R,unknown,omitted,all,house,12,12,25.0839,174.35753939,0,0
missing_item,unknown,omitted,all,house,19,19,1.9951,0.97158383,0,0
not_post,unknown,omitted,all,house,17,0,0.0,0.0,17,0
not_race,unknown,omitted,all,house,1,1,0.2175,0.04730625,0,0
other,unknown,omitted,all,house,1,1,0.0589,0.00346921,0,0
unknown,unknown,omitted,all,house,9,9,0.0579,0.00053863,0,0
R,unknown_party,omitted,all,house,1,1,0.3446,0.11874916,0,0
D,D,omitted,all,pid,2197,2197,1997.7703,8300.47735427,0,0
I,D,omitted,all,pid,89,89,76.7972,270.44038306,0,0
R,D,omitted,all,pid,41,41,50.512,209.57172112,0,0
unknown,D,omitted,all,pid,13,13,32.0568,200.95044414,0,0
D,I,omitted,all,pid,113,113,130.2658,594.1859061,0,0
I,I,omitted,all,pid,586,586,743.9082,3559.99977704,0,0
R,I,omitted,all,pid,72,72,77.6955,245.84097291,0,0
unknown,I,omitted,all,pid,27,27,57.4033,321.91765131,0,0
D,R,omitted,all,pid,37,37,59.0079,282.49309577,0,0
I,R,omitted,all,pid,104,104,135.08689999999999,694.57053203,0,0
R,R,omitted,all,pid,1447,1447,1604.0329,6042.57896331,0,0
unknown,R,omitted,all,pid,7,7,13.1515,120.53280169000001,0,0
D,unknown,omitted,all,pid,13,13,25.2829,157.17661949,0,0
I,unknown,omitted,all,pid,36,36,76.2801,482.63217931,0,0
R,unknown,omitted,all,pid,13,13,16.0848,58.57709138,0,0
unknown,unknown,omitted,all,pid,39,39,83.8799,514.98354027,0,0
D,D,retained,all,house,2329,2329,1778.9797,4809.55519621,0,0
R,D,retained,all,house,91,91,91.6644,170.30573608,0,0
missing_item,D,retained,all,house,169,169,16.2428,30.38578246,0,0
not_post,D,retained,all,house,210,0,0.0,0.0,210,0
not_race,D,retained,all,house,65,65,1.4114,0.1959985,0,0
not_vote,D,retained,all,house,5,5,0.1449,0.01233941,0,0
other,D,retained,all,house,76,76,15.2151,5.98182551,0,0
unknown,D,retained,all,house,14,14,0.2828,0.009119500000000001,0,0
D,R,retained,all,house,95,95,73.7654,298.4868392,0,0
R,R,retained,all,house,1956,1956,1890.4985,3816.62055909,0,0
missing_item,R,retained,all,house,123,123,6.5444,11.289582380000002,0,0
not_post,R,retained,all,house,133,0,0.0,0.0,133,0
not_race,R,retained,all,house,19,19,0.1974,0.0036972199999999998,0,0
not_vote,R,retained,all,house,3,3,0.0298,0.00040982,0,0
other,R,retained,all,house,39,39,11.503,11.94131622,0,0
unknown,R,retained,all,house,11,11,0.1348,0.0035097799999999997,0,0
unknown_party,R,retained,all,house,3,3,0.5099,0.09404293,0,0
D,missing_item,retained,all,house,49,49,179.6861,1230.07150371,0,0
R,missing_item,retained,all,house,40,40,189.0572,1539.15358646,0,0
missing_item,missing_item,retained,all,house,336,336,741.5135,3938.91711667,0,0
not_post,missing_item,retained,all,house,40,0,0.0,0.0,40,0
not_race,missing_item,retained,all,house,5,5,0.3544,0.06082072,0,0
other,missing_item,retained,all,house,7,7,19.1484,98.40874840000001,0,0
unknown,missing_item,retained,all,house,3,3,2.2468,4.9211034399999996,0,0
D,not_post,retained,all,house,23,23,37.4521,197.75396819,0,0
R,not_post,retained,all,house,9,9,22.3139,162.89080163,0,0
missing_item,not_post,retained,all,house,19,19,31.6663,174.74239403,0,0
not_post,not_post,retained,all,house,10,0,0.0,0.0,10,0
other,not_post,retained,all,house,1,1,0.0924,0.008537759999999998,0,0
D,not_race,retained,all,house,35,35,23.4212,29.07533416,0,0
R,not_race,retained,all,house,32,32,21.477999999999998,19.26581354,0,0
missing_item,not_race,retained,all,house,17,17,7.6964,32.960502240000004,0,0
not_post,not_race,retained,all,house,5,0,0.0,0.0,5,0
not_race,not_race,retained,all,house,8,8,0.081,0.0012692799999999998,0,0
not_vote,not_race,retained,all,house,1,1,0.0324,0.0010497599999999998,0,0
other,not_race,retained,all,house,5,5,0.7746000000000001,0.17717024,0,0
unknown,not_race,retained,all,house,1,1,0.0005,2.5e-07,0,0
D,not_vote,retained,all,house,7,7,5.0339,7.726971249999999,0,0
R,not_vote,retained,all,house,5,5,4.0701,8.97676915,0,0
missing_item,not_vote,retained,all,house,3,3,0.021500000000000002,0.00026681000000000003,0,0
not_post,not_vote,retained,all,house,4,0,0.0,0.0,4,0
not_vote,not_vote,retained,all,house,1,1,0.0114,0.00012996,0,0
D,other,retained,all,house,36,36,24.5347,23.93616335,0,0
R,other,retained,all,house,30,30,22.032899999999998,21.945775129999998,0,0
missing_item,other,retained,all,house,5,5,0.891,0.73059856,0,0
not_post,other,retained,all,house,7,0,0.0,0.0,7,0
not_race,other,retained,all,house,2,2,0.0172,0.00016714,0,0
other,other,retained,all,house,16,16,3.2132,1.16849142,0,0
D,unknown,retained,all,house,17,17,51.5527,499.79438699,0,0
R,unknown,retained,all,house,25,25,25.1063,41.05592895,0,0
missing_item,unknown,retained,all,house,15,15,3.4225,5.388934709999999,0,0
not_post,unknown,retained,all,house,5,0,0.0,0.0,5,0
not_race,unknown,retained,all,house,3,3,0.34769999999999995,0.10359368999999999,0,0
unknown,unknown,retained,all,house,7,7,0.1492,0.0074716,0,0
D,D,retained,all,pid,2774,2774,2172.3917,6486.29041517,0,0
I,D,retained,all,pid,99,99,86.5558,319.23603992,0,0
R,D,retained,all,pid,29,29,43.4732,244.04518256,0,0
unknown,D,retained,all,pid,10,10,8.5358,11.88475846,0,0
D,I,retained,all,pid,103,103,119.1081,523.65731659,0,0
I,I,retained,all,pid,681,681,807.9709,3501.94781219,0,0
R,I,retained,all,pid,86,86,121.4972,631.280248,0,0
unknown,I,retained,all,pid,25,25,37.9926,194.47725208,0,0
D,R,retained,all,pid,42,42,28.1003,50.88839906999999,0,0
I,R,retained,all,pid,132,132,105.7197,229.75059341000002,0,0
R,R,retained,all,pid,2110,2110,2153.7359,5266.22495945,0,0
unknown,R,retained,all,pid,14,14,29.1917,254.20622819000002,0,0
D,unknown,retained,all,pid,19,19,13.7331,34.44023446999999,0,0
I,unknown,retained,all,pid,24,24,35.4403,113.42830495,0,0
R,unknown,retained,all,pid,7,7,3.8724,4.05623334,0,0
unknown,unknown,retained,all,pid,20,20,63.2229,466.00344589,0,0
