table,cell,n,weight_n,weight_mass,kish_ess
denominator,all,5521,2694,2694.0,1289.8887274989188
denominator,panel,2171,0,0.0,
denominator,PAPI,245,0,0.0,
denominator,fresh,3105,2694,2694.0,1289.8887274989188
denominator,post_design,2694,2694,2694.0,1289.8887274989188
denominator,domain,1835,1835,1791.9614791609754,879.7557981085743
denominator,support,793,793,588.8922180497752,406.78201598610565
fresh_vote,D,1177,1172,1101.141712007985,554.6443242748535
fresh_vote,R,881,877,889.3367416187426,433.06899252456606
fresh_vote,other,62,61,62.49732447675863,26.27974152544927
fresh_vote,nonvoter,527,527,575.9377438968481,248.50619237442538
fresh_vote,conflict,0,0,0.0,
fresh_vote,unknown,458,57,65.0864779996655,32.408140846006305
domain_E_I_Y,"0,0,0",396,396,424.1703567320071,190.86341535679887
domain_E_I_Y,"0,0,1",83,83,98.23034807351515,40.86570977262078
domain_E_I_Y,"0,1,0",453,453,435.6761777237821,212.46278421832622
domain_E_I_Y,"0,1,1",301,301,326.5376361620592,158.57006147452984
domain_E_I_Y,"1,0,0",95,95,69.43211414439529,51.64104323821825
domain_E_I_Y,"1,0,1",77,77,70.72473291715178,39.09305284646605
domain_E_I_Y,"1,1,0",115,115,72.8259288464846,55.15674439941243
domain_E_I_Y,"1,1,1",315,315,294.3641845615802,147.3768732909556
fresh_E_I_vote,"0,0,D",422,422,446.607007551156,204.4004884172299
fresh_E_I_vote,"0,0,R",92,92,106.5600107554969,45.8550178037927
fresh_E_I_vote,"0,0,other",21,21,20.53415769346813,11.020774708341795
fresh_E_I_vote,"0,0,nonvoter",143,143,186.490688653803,69.1945811286722
fresh_E_I_vote,"0,0,conflict",0,0,0.0,
fresh_E_I_vote,"0,0,unknown",12,12,13.602224589296366,6.322818178947587
fresh_E_I_vote,"0,1,D",503,503,477.3907405293047,237.07140880124047
fresh_E_I_vote,"0,1,R",324,324,350.80898121746117,168.9070987917683
fresh_E_I_vote,"0,1,other",15,15,23.115180920438853,6.6993650451623195
fresh_E_I_vote,"0,1,nonvoter",143,143,158.0236167838935,70.43147704404376
fresh_E_I_vote,"0,1,conflict",0,0,0.0,
fresh_E_I_vote,"0,1,unknown",24,24,25.018738935322375,15.909679617081798
fresh_E_I_vote,"0,None,D",19,15,12.719762595644967,7.569118243945089
fresh_E_I_vote,"0,None,R",12,9,9.789744986008193,5.338238417486525
fresh_E_I_vote,"0,None,other",1,0,0.0,
fresh_E_I_vote,"0,None,nonvoter",8,8,15.229747538240822,4.850284766573102
fresh_E_I_vote,"0,None,conflict",0,0,0.0,
fresh_E_I_vote,"0,None,unknown",259,4,5.037184618908122,2.508450739850916
fresh_E_I_vote,"1,0,D",101,101,73.50788614419396,55.0148018092891
fresh_E_I_vote,"1,0,R",86,86,81.42753521748662,41.90483610094598
fresh_E_I_vote,"1,0,other",11,11,9.624383871232544,4.294606218730458
fresh_E_I_vote,"1,0,nonvoter",104,104,94.7776494253465,49.367857776256905
fresh_E_I_vote,"1,0,conflict",0,0,0.0,
fresh_E_I_vote,"1,0,unknown",8,8,11.746971897300842,3.6875433142678453
fresh_E_I_vote,"1,1,D",127,127,83.03638712075164,63.47446703937312
fresh_E_I_vote,"1,1,R",353,353,327.9479325202004,165.98254312907954
fresh_E_I_vote,"1,1,other",11,11,7.765243037098484,7.261734588344066
fresh_E_I_vote,"1,1,nonvoter",118,118,111.54077625166289,53.20211034300566
fresh_E_I_vote,"1,1,conflict",0,0,0.0,
fresh_E_I_vote,"1,1,unknown",6,6,6.785659072160287,4.1493126425653095
fresh_E_I_vote,"1,None,D",3,2,2.955669755677281,1.295525575019685
fresh_E_I_vote,"1,None,R",12,11,11.80659354788153,5.4935293399436365
fresh_E_I_vote,"1,None,other",1,1,0.345475309856654,1.0
fresh_E_I_vote,"1,None,nonvoter",8,8,8.373796328329664,5.513574710777333
fresh_E_I_vote,"1,None,conflict",0,0,0.0,
fresh_E_I_vote,"1,None,unknown",142,1,0.468098256612652,1.0
fresh_E_I_vote,"None,0,D",0,0,0.0,
fresh_E_I_vote,"None,0,R",1,1,0.683138157764033,1.0
fresh_E_I_vote,"None,0,other",1,1,0.523120966302309,1.0
fresh_E_I_vote,"None,0,nonvoter",2,2,1.353332524228212,1.462328073317398
fresh_E_I_vote,"None,0,conflict",0,0,0.0,
fresh_E_I_vote,"None,0,unknown",0,0,0.0,
fresh_E_I_vote,"None,1,D",2,2,4.92425831125645,1.731307166959561
fresh_E_I_vote,"None,1,R",1,1,0.312805216443776,1.0
fresh_E_I_vote,"None,1,other",1,1,0.589762678361654,1.0
fresh_E_I_vote,"None,1,nonvoter",1,1,0.148136391343554,1.0
fresh_E_I_vote,"None,1,conflict",0,0,0.0,
fresh_E_I_vote,"None,1,unknown",0,0,0.0,
fresh_E_I_vote,"None,None,D",0,0,0.0,
fresh_E_I_vote,"None,None,R",0,0,0.0,
fresh_E_I_vote,"None,None,other",0,0,0.0,
fresh_E_I_vote,"None,None,nonvoter",0,0,0.0,
fresh_E_I_vote,"None,None,conflict",0,0,0.0,
fresh_E_I_vote,"None,None,unknown",7,2,2.427600630064854,1.8089314389177282
descriptive_item,V242337:-9,8,8,8.116594398228694,6.716130873088792
descriptive_item,V242337:-8,4,4,2.7791213397656582,3.4288094111653176
descriptive_item,V242337:-7,28,0,0.0,
descriptive_item,V242337:-6,383,0,0.0,
descriptive_item,V242337:-5,19,19,17.54975795602347,11.168564483342196
descriptive_item,V242337:1,265,265,219.15143663394727,118.40547142962915
descriptive_item,V242337:2,953,953,1032.2394194659114,452.22146617349813
descriptive_item,V242337:3,1320,1320,1312.7991800976156,643.3176618095367
descriptive_item,V242337:4,125,125,101.36449010850785,70.31405141244198
descriptive_item,V242531:-9,23,23,33.06756476635347,12.179578641309005
descriptive_item,V242531:-7,28,0,0.0,
descriptive_item,V242531:-6,383,0,0.0,
descriptive_item,V242531:-5,41,41,39.328426529745855,22.246185828613374
descriptive_item,V242531:-1,474,474,568.1914129073155,242.5955344660752
descriptive_item,V242531:1,151,151,132.19783707220628,76.9170217713363
descriptive_item,V242531:2,265,265,212.80368448049313,127.79865259563964
descriptive_item,V242531:3,529,529,489.02920895422,257.95785474242314
descriptive_item,V242531:4,389,389,386.877056516195,186.05420288406503
descriptive_item,V242531:5,822,822,832.5048087734707,380.102322774516
descriptive_item,V242532:-9,6,6,5.379643176086593,4.4984011331390725
descriptive_item,V242532:-7,28,0,0.0,
descriptive_item,V242532:-6,383,0,0.0,
descriptive_item,V242532:-5,41,41,39.328426529745855,22.246185828613374
descriptive_item,V242532:-1,2334,2334,2264.641638577918,1108.4274675726174
descriptive_item,V242532:1,154,154,190.61944322148196,77.57826528551868
descriptive_item,V242532:2,62,62,72.45465895503607,37.023108057107756
descriptive_item,V242532:3,47,47,55.71579979252017,22.33928482696193
descriptive_item,V242532:4,14,14,18.863533014857083,6.448097189371549
descriptive_item,V242532:5,36,36,46.996856732354,18.503323711547317
item_raw_codes,panel:V240002a:2,2171,,,
item_raw_codes,panel:V240002b:-6,89,,,
item_raw_codes,panel:V240002b:-7,12,,,
item_raw_codes,panel:V240002b:2,2070,,,
item_raw_codes,panel:V240003:1,2171,,,
item_raw_codes,panel:V241035:-9,1,,,
item_raw_codes,panel:V241035:1,104,,,
item_raw_codes,panel:V241035:2,2066,,,
item_raw_codes,panel:V241036:-1,2067,,,
item_raw_codes,panel:V241036:1,67,,,
item_raw_codes,panel:V241036:2,37,,,
item_raw_codes,panel:V241201:-9,7,,,
item_raw_codes,panel:V241201:1,385,,,
item_raw_codes,panel:V241201:2,413,,,
item_raw_codes,panel:V241201:3,305,,,
item_raw_codes,panel:V241201:4,229,,,
item_raw_codes,panel:V241201:5,832,,,
item_raw_codes,panel:V241206:-9,6,,,
item_raw_codes,panel:V241206:1,358,,,
item_raw_codes,panel:V241206:2,287,,,
item_raw_codes,panel:V241206:3,239,,,
item_raw_codes,panel:V241206:4,152,,,
item_raw_codes,panel:V241206:5,1129,,,
item_raw_codes,panel:V241227x:-9,7,,,
item_raw_codes,panel:V241227x:1,564,,,
item_raw_codes,panel:V241227x:2,233,,,
item_raw_codes,panel:V241227x:3,261,,,
item_raw_codes,panel:V241227x:4,103,,,
item_raw_codes,panel:V241227x:5,273,,,
item_raw_codes,panel:V241227x:6,240,,,
item_raw_codes,panel:V241227x:7,490,,,
item_raw_codes,panel:V241451:-9,5,,,
item_raw_codes,panel:V241451:1,122,,,
item_raw_codes,panel:V241451:2,392,,,
item_raw_codes,panel:V241451:3,871,,,
item_raw_codes,panel:V241451:4,544,,,
item_raw_codes,panel:V241451:5,237,,,
item_raw_codes,panel:V241458x:-2,103,,,
item_raw_codes,panel:V241458x:23,1,,,
item_raw_codes,panel:V241458x:24,2,,,
item_raw_codes,panel:V241458x:25,4,,,
item_raw_codes,panel:V241458x:26,14,,,
item_raw_codes,panel:V241458x:27,16,,,
item_raw_codes,panel:V241458x:28,29,,,
item_raw_codes,panel:V241458x:29,23,,,
item_raw_codes,panel:V241458x:30,19,,,
item_raw_codes,panel:V241458x:31,21,,,
item_raw_codes,panel:V241458x:32,26,,,
item_raw_codes,panel:V241458x:33,30,,,
item_raw_codes,panel:V241458x:34,31,,,
item_raw_codes,panel:V241458x:35,29,,,
item_raw_codes,panel:V241458x:36,27,,,
item_raw_codes,panel:V241458x:37,32,,,
item_raw_codes,panel:V241458x:38,35,,,
item_raw_codes,panel:V241458x:39,39,,,
item_raw_codes,panel:V241458x:40,45,,,
item_raw_codes,panel:V241458x:41,46,,,
item_raw_codes,panel:V241458x:42,46,,,
item_raw_codes,panel:V241458x:43,46,,,
item_raw_codes,panel:V241458x:44,37,,,
item_raw_codes,panel:V241458x:45,49,,,
item_raw_codes,panel:V241458x:46,34,,,
item_raw_codes,panel:V241458x:47,34,,,
item_raw_codes,panel:V241458x:48,30,,,
item_raw_codes,panel:V241458x:49,34,,,
item_raw_codes,panel:V241458x:50,35,,,
item_raw_codes,panel:V241458x:51,27,,,
item_raw_codes,panel:V241458x:52,24,,,
item_raw_codes,panel:V241458x:53,37,,,
item_raw_codes,panel:V241458x:54,42,,,
item_raw_codes,panel:V241458x:55,32,,,
item_raw_codes,panel:V241458x:56,26,,,
item_raw_codes,panel:V241458x:57,35,,,
item_raw_codes,panel:V241458x:58,36,,,
item_raw_codes,panel:V241458x:59,36,,,
item_raw_codes,panel:V241458x:60,31,,,
item_raw_codes,panel:V241458x:61,38,,,
item_raw_codes,panel:V241458x:62,42,,,
item_raw_codes,panel:V241458x:63,41,,,
item_raw_codes,panel:V241458x:64,39,,,
item_raw_codes,panel:V241458x:65,45,,,
item_raw_codes,panel:V241458x:66,59,,,
item_raw_codes,panel:V241458x:67,52,,,
item_raw_codes,panel:V241458x:68,49,,,
item_raw_codes,panel:V241458x:69,40,,,
item_raw_codes,panel:V241458x:70,49,,,
item_raw_codes,panel:V241458x:71,41,,,
item_raw_codes,panel:V241458x:72,36,,,
item_raw_codes,panel:V241458x:73,38,,,
item_raw_codes,panel:V241458x:74,32,,,
item_raw_codes,panel:V241458x:75,46,,,
item_raw_codes,panel:V241458x:76,44,,,
item_raw_codes,panel:V241458x:77,42,,,
item_raw_codes,panel:V241458x:78,19,,,
item_raw_codes,panel:V241458x:79,22,,,
item_raw_codes,panel:V241458x:80,154,,,
item_raw_codes,panel:V241530:-4,1,,,
item_raw_codes,panel:V241530:-9,23,,,
item_raw_codes,panel:V241530:1,1670,,,
item_raw_codes,panel:V241530:2,364,,,
item_raw_codes,panel:V241530:3,113,,,
item_raw_codes,panel:V241566x:-5,3,,,
item_raw_codes,panel:V241566x:-9,115,,,
item_raw_codes,panel:V241566x:1,133,,,
item_raw_codes,panel:V241566x:10,10,,,
item_raw_codes,panel:V241566x:11,54,,,
item_raw_codes,panel:V241566x:12,66,,,
item_raw_codes,panel:V241566x:13,82,,,
item_raw_codes,panel:V241566x:14,51,,,
item_raw_codes,panel:V241566x:15,95,,,
item_raw_codes,panel:V241566x:16,29,,,
item_raw_codes,panel:V241566x:17,76,,,
item_raw_codes,panel:V241566x:18,39,,,
item_raw_codes,panel:V241566x:19,72,,,
item_raw_codes,panel:V241566x:2,12,,,
item_raw_codes,panel:V241566x:20,61,,,
item_raw_codes,panel:V241566x:21,118,,,
item_raw_codes,panel:V241566x:22,68,,,
item_raw_codes,panel:V241566x:23,149,,,
item_raw_codes,panel:V241566x:24,129,,,
item_raw_codes,panel:V241566x:25,121,,,
item_raw_codes,panel:V241566x:26,143,,,
item_raw_codes,panel:V241566x:27,190,,,
item_raw_codes,panel:V241566x:28,193,,,
item_raw_codes,panel:V241566x:3,42,,,
item_raw_codes,panel:V241566x:4,14,,,
item_raw_codes,panel:V241566x:5,19,,,
item_raw_codes,panel:V241566x:6,10,,,
item_raw_codes,panel:V241566x:7,38,,,
item_raw_codes,panel:V241566x:8,10,,,
item_raw_codes,panel:V241566x:9,29,,,
item_raw_codes,panel:V242095x:-2,97,,,
item_raw_codes,panel:V242095x:0,274,,,
item_raw_codes,panel:V242095x:1,1800,,,
item_raw_codes,panel:V242096x:-2,400,,,
item_raw_codes,panel:V242096x:1,952,,,
item_raw_codes,panel:V242096x:2,781,,,
item_raw_codes,panel:V242096x:4,7,,,
item_raw_codes,panel:V242096x:5,9,,,
item_raw_codes,panel:V242096x:6,22,,,
item_raw_codes,panel:V242337:-5,13,,,
item_raw_codes,panel:V242337:-6,89,,,
item_raw_codes,panel:V242337:-7,12,,,
item_raw_codes,panel:V242337:-9,8,,,
item_raw_codes,panel:V242337:1,128,,,
item_raw_codes,panel:V242337:2,682,,,
item_raw_codes,panel:V242337:3,1111,,,
item_raw_codes,panel:V242337:4,128,,,
item_raw_codes,panel:V242531:-1,295,,,
item_raw_codes,panel:V242531:-5,24,,,
item_raw_codes,panel:V242531:-6,89,,,
item_raw_codes,panel:V242531:-7,12,,,
item_raw_codes,panel:V242531:-9,12,,,
item_raw_codes,panel:V242531:1,138,,,
item_raw_codes,panel:V242531:2,278,,,
item_raw_codes,panel:V242531:3,413,,,
item_raw_codes,panel:V242531:4,304,,,
item_raw_codes,panel:V242531:5,606,,,
item_raw_codes,panel:V242532:-1,1842,,,
item_raw_codes,panel:V242532:-5,24,,,
item_raw_codes,panel:V242532:-6,89,,,
item_raw_codes,panel:V242532:-7,12,,,
item_raw_codes,panel:V242532:-9,1,,,
item_raw_codes,panel:V242532:1,100,,,
item_raw_codes,panel:V242532:2,42,,,
item_raw_codes,panel:V242532:3,33,,,
item_raw_codes,panel:V242532:4,9,,,
item_raw_codes,panel:V242532:5,19,,,
item_raw_codes,panel:V242536:-5,24,,,
item_raw_codes,panel:V242536:-6,89,,,
item_raw_codes,panel:V242536:-7,12,,,
item_raw_codes,panel:V242536:-9,11,,,
item_raw_codes,panel:V242536:1,826,,,
item_raw_codes,panel:V242536:2,513,,,
item_raw_codes,panel:V242536:3,388,,,
item_raw_codes,panel:V242536:4,175,,,
item_raw_codes,panel:V242536:5,133,,,
item_raw_codes,PAPI:V240002a:3,245,,,
item_raw_codes,PAPI:V240002b:-6,45,,,
item_raw_codes,PAPI:V240002b:3,200,,,
item_raw_codes,PAPI:V240003:2,245,,,
item_raw_codes,PAPI:V241035:-1,245,,,
item_raw_codes,PAPI:V241036:-1,245,,,
item_raw_codes,PAPI:V241201:-1,245,,,
item_raw_codes,PAPI:V241206:-1,245,,,
item_raw_codes,PAPI:V241227x:-4,1,,,
item_raw_codes,PAPI:V241227x:-9,4,,,
item_raw_codes,PAPI:V241227x:1,51,,,
item_raw_codes,PAPI:V241227x:2,14,,,
item_raw_codes,PAPI:V241227x:3,24,,,
item_raw_codes,PAPI:V241227x:4,25,,,
item_raw_codes,PAPI:V241227x:5,35,,,
item_raw_codes,PAPI:V241227x:6,27,,,
item_raw_codes,PAPI:V241227x:7,64,,,
item_raw_codes,PAPI:V241451:-1,245,,,
item_raw_codes,PAPI:V241458x:-2,32,,,
item_raw_codes,PAPI:V241458x:18,3,,,
item_raw_codes,PAPI:V241458x:19,5,,,
item_raw_codes,PAPI:V241458x:20,4,,,
item_raw_codes,PAPI:V241458x:21,1,,,
item_raw_codes,PAPI:V241458x:22,4,,,
item_raw_codes,PAPI:V241458x:24,4,,,
item_raw_codes,PAPI:V241458x:25,2,,,
item_raw_codes,PAPI:V241458x:26,1,,,
item_raw_codes,PAPI:V241458x:27,3,,,
item_raw_codes,PAPI:V241458x:28,2,,,
item_raw_codes,PAPI:V241458x:30,3,,,
item_raw_codes,PAPI:V241458x:31,4,,,
item_raw_codes,PAPI:V241458x:32,2,,,
item_raw_codes,PAPI:V241458x:33,1,,,
item_raw_codes,PAPI:V241458x:35,2,,,
item_raw_codes,PAPI:V241458x:36,2,,,
item_raw_codes,PAPI:V241458x:37,2,,,
item_raw_codes,PAPI:V241458x:38,4,,,
item_raw_codes,PAPI:V241458x:39,2,,,
item_raw_codes,PAPI:V241458x:41,1,,,
item_raw_codes,PAPI:V241458x:42,5,,,
item_raw_codes,PAPI:V241458x:43,2,,,
item_raw_codes,PAPI:V241458x:44,2,,,
item_raw_codes,PAPI:V241458x:45,3,,,
item_raw_codes,PAPI:V241458x:46,2,,,
item_raw_codes,PAPI:V241458x:47,3,,,
item_raw_codes,PAPI:V241458x:48,2,,,
item_raw_codes,PAPI:V241458x:49,1,,,
item_raw_codes,PAPI:V241458x:50,4,,,
item_raw_codes,PAPI:V241458x:51,2,,,
item_raw_codes,PAPI:V241458x:52,3,,,
item_raw_codes,PAPI:V241458x:53,5,,,
item_raw_codes,PAPI:V241458x:54,3,,,
item_raw_codes,PAPI:V241458x:55,1,,,
item_raw_codes,PAPI:V241458x:56,3,,,
item_raw_codes,PAPI:V241458x:57,1,,,
item_raw_codes,PAPI:V241458x:58,1,,,
item_raw_codes,PAPI:V241458x:59,1,,,
item_raw_codes,PAPI:V241458x:60,5,,,
item_raw_codes,PAPI:V241458x:61,4,,,
item_raw_codes,PAPI:V241458x:62,7,,,
item_raw_codes,PAPI:V241458x:63,3,,,
item_raw_codes,PAPI:V241458x:64,6,,,
item_raw_codes,PAPI:V241458x:65,4,,,
item_raw_codes,PAPI:V241458x:66,5,,,
item_raw_codes,PAPI:V241458x:67,6,,,
item_raw_codes,PAPI:V241458x:68,8,,,
item_raw_codes,PAPI:V241458x:69,3,,,
item_raw_codes,PAPI:V241458x:70,4,,,
item_raw_codes,PAPI:V241458x:71,7,,,
item_raw_codes,PAPI:V241458x:72,6,,,
item_raw_codes,PAPI:V241458x:73,3,,,
item_raw_codes,PAPI:V241458x:74,4,,,
item_raw_codes,PAPI:V241458x:75,4,,,
item_raw_codes,PAPI:V241458x:76,2,,,
item_raw_codes,PAPI:V241458x:77,6,,,
item_raw_codes,PAPI:V241458x:78,4,,,
item_raw_codes,PAPI:V241458x:79,5,,,
item_raw_codes,PAPI:V241458x:80,21,,,
item_raw_codes,PAPI:V241530:-9,5,,,
item_raw_codes,PAPI:V241530:1,168,,,
item_raw_codes,PAPI:V241530:2,56,,,
item_raw_codes,PAPI:V241530:3,16,,,
item_raw_codes,PAPI:V241566x:-1,245,,,
item_raw_codes,PAPI:V242095x:-2,48,,,
item_raw_codes,PAPI:V242095x:0,34,,,
item_raw_codes,PAPI:V242095x:1,163,,,
item_raw_codes,PAPI:V242096x:-2,83,,,
item_raw_codes,PAPI:V242096x:1,72,,,
item_raw_codes,PAPI:V242096x:2,85,,,
item_raw_codes,PAPI:V242096x:3,3,,,
item_raw_codes,PAPI:V242096x:6,2,,,
item_raw_codes,PAPI:V242337:-4,2,,,
item_raw_codes,PAPI:V242337:-6,45,,,
item_raw_codes,PAPI:V242337:1,25,,,
item_raw_codes,PAPI:V242337:2,74,,,
item_raw_codes,PAPI:V242337:3,89,,,
item_raw_codes,PAPI:V242337:4,10,,,
item_raw_codes,PAPI:V242531:-1,245,,,
item_raw_codes,PAPI:V242532:-1,245,,,
item_raw_codes,PAPI:V242536:-1,245,,,
item_raw_codes,fresh:V240002a:1,966,,,
item_raw_codes,fresh:V240002a:2,2063,,,
item_raw_codes,fresh:V240002a:4,76,,,
item_raw_codes,fresh:V240002b:-6,383,,,
item_raw_codes,fresh:V240002b:-7,28,,,
item_raw_codes,fresh:V240002b:1,354,,,
item_raw_codes,fresh:V240002b:2,1769,,,
item_raw_codes,fresh:V240002b:4,227,,,
item_raw_codes,fresh:V240002b:5,344,,,
item_raw_codes,fresh:V240003:2,2063,,,
item_raw_codes,fresh:V240003:3,1042,,,
item_raw_codes,fresh:V241035:-8,1,,,
item_raw_codes,fresh:V241035:1,184,,,
item_raw_codes,fresh:V241035:2,2920,,,
item_raw_codes,fresh:V241036:-1,2921,,,
item_raw_codes,fresh:V241036:-9,1,,,
item_raw_codes,fresh:V241036:1,137,,,
item_raw_codes,fresh:V241036:2,46,,,
item_raw_codes,fresh:V241201:-8,13,,,
item_raw_codes,fresh:V241201:-9,9,,,
item_raw_codes,fresh:V241201:1,539,,,
item_raw_codes,fresh:V241201:2,525,,,
item_raw_codes,fresh:V241201:3,576,,,
item_raw_codes,fresh:V241201:4,376,,,
item_raw_codes,fresh:V241201:5,1067,,,
item_raw_codes,fresh:V241206:-8,4,,,
item_raw_codes,fresh:V241206:-9,10,,,
item_raw_codes,fresh:V241206:1,450,,,
item_raw_codes,fresh:V241206:2,400,,,
item_raw_codes,fresh:V241206:3,400,,,
item_raw_codes,fresh:V241206:4,311,,,
item_raw_codes,fresh:V241206:5,1530,,,
item_raw_codes,fresh:V241227x:-4,1,,,
item_raw_codes,fresh:V241227x:-8,5,,,
item_raw_codes,fresh:V241227x:-9,20,,,
item_raw_codes,fresh:V241227x:1,699,,,
item_raw_codes,fresh:V241227x:2,369,,,
item_raw_codes,fresh:V241227x:3,429,,,
item_raw_codes,fresh:V241227x:4,252,,,
item_raw_codes,fresh:V241227x:5,408,,,
item_raw_codes,fresh:V241227x:6,310,,,
item_raw_codes,fresh:V241227x:7,612,,,
item_raw_codes,fresh:V241451:-8,3,,,
item_raw_codes,fresh:V241451:-9,13,,,
item_raw_codes,fresh:V241451:1,228,,,
item_raw_codes,fresh:V241451:2,530,,,
item_raw_codes,fresh:V241451:3,1240,,,
item_raw_codes,fresh:V241451:4,695,,,
item_raw_codes,fresh:V241451:5,396,,,
item_raw_codes,fresh:V241458x:-2,144,,,
item_raw_codes,fresh:V241458x:18,25,,,
item_raw_codes,fresh:V241458x:19,16,,,
item_raw_codes,fresh:V241458x:20,22,,,
item_raw_codes,fresh:V241458x:21,43,,,
item_raw_codes,fresh:V241458x:22,36,,,
item_raw_codes,fresh:V241458x:23,31,,,
item_raw_codes,fresh:V241458x:24,32,,,
item_raw_codes,fresh:V241458x:25,40,,,
item_raw_codes,fresh:V241458x:26,49,,,
item_raw_codes,fresh:V241458x:27,45,,,
item_raw_codes,fresh:V241458x:28,47,,,
item_raw_codes,fresh:V241458x:29,45,,,
item_raw_codes,fresh:V241458x:30,53,,,
item_raw_codes,fresh:V241458x:31,46,,,
item_raw_codes,fresh:V241458x:32,52,,,
item_raw_codes,fresh:V241458x:33,57,,,
item_raw_codes,fresh:V241458x:34,54,,,
item_raw_codes,fresh:V241458x:35,63,,,
item_raw_codes,fresh:V241458x:36,58,,,
item_raw_codes,fresh:V241458x:37,46,,,
item_raw_codes,fresh:V241458x:38,45,,,
item_raw_codes,fresh:V241458x:39,56,,,
item_raw_codes,fresh:V241458x:40,63,,,
item_raw_codes,fresh:V241458x:41,42,,,
item_raw_codes,fresh:V241458x:42,46,,,
item_raw_codes,fresh:V241458x:43,47,,,
item_raw_codes,fresh:V241458x:44,48,,,
item_raw_codes,fresh:V241458x:45,44,,,
item_raw_codes,fresh:V241458x:46,35,,,
item_raw_codes,fresh:V241458x:47,40,,,
item_raw_codes,fresh:V241458x:48,46,,,
item_raw_codes,fresh:V241458x:49,41,,,
item_raw_codes,fresh:V241458x:50,53,,,
item_raw_codes,fresh:V241458x:51,45,,,
item_raw_codes,fresh:V241458x:52,26,,,
item_raw_codes,fresh:V241458x:53,40,,,
item_raw_codes,fresh:V241458x:54,55,,,
item_raw_codes,fresh:V241458x:55,43,,,
item_raw_codes,fresh:V241458x:56,50,,,
item_raw_codes,fresh:V241458x:57,44,,,
item_raw_codes,fresh:V241458x:58,46,,,
item_raw_codes,fresh:V241458x:59,46,,,
item_raw_codes,fresh:V241458x:60,49,,,
item_raw_codes,fresh:V241458x:61,69,,,
item_raw_codes,fresh:V241458x:62,50,,,
item_raw_codes,fresh:V241458x:63,48,,,
item_raw_codes,fresh:V241458x:64,53,,,
item_raw_codes,fresh:V241458x:65,51,,,
item_raw_codes,fresh:V241458x:66,54,,,
item_raw_codes,fresh:V241458x:67,47,,,
item_raw_codes,fresh:V241458x:68,48,,,
item_raw_codes,fresh:V241458x:69,58,,,
item_raw_codes,fresh:V241458x:70,47,,,
item_raw_codes,fresh:V241458x:71,46,,,
item_raw_codes,fresh:V241458x:72,56,,,
item_raw_codes,fresh:V241458x:73,56,,,
item_raw_codes,fresh:V241458x:74,43,,,
item_raw_codes,fresh:V241458x:75,39,,,
item_raw_codes,fresh:V241458x:76,39,,,
item_raw_codes,fresh:V241458x:77,30,,,
item_raw_codes,fresh:V241458x:78,35,,,
item_raw_codes,fresh:V241458x:79,24,,,
item_raw_codes,fresh:V241458x:80,158,,,
item_raw_codes,fresh:V241530:-4,3,,,
item_raw_codes,fresh:V241530:-8,5,,,
item_raw_codes,fresh:V241530:-9,38,,,
item_raw_codes,fresh:V241530:1,2068,,,
item_raw_codes,fresh:V241530:2,842,,,
item_raw_codes,fresh:V241530:3,149,,,
item_raw_codes,fresh:V241566x:-5,7,,,
item_raw_codes,fresh:V241566x:-9,186,,,
item_raw_codes,fresh:V241566x:1,272,,,
item_raw_codes,fresh:V241566x:10,19,,,
item_raw_codes,fresh:V241566x:11,117,,,
item_raw_codes,fresh:V241566x:12,83,,,
item_raw_codes,fresh:V241566x:13,117,,,
item_raw_codes,fresh:V241566x:14,73,,,
item_raw_codes,fresh:V241566x:15,138,,,
item_raw_codes,fresh:V241566x:16,73,,,
item_raw_codes,fresh:V241566x:17,128,,,
item_raw_codes,fresh:V241566x:18,59,,,
item_raw_codes,fresh:V241566x:19,84,,,
item_raw_codes,fresh:V241566x:2,39,,,
item_raw_codes,fresh:V241566x:20,81,,,
item_raw_codes,fresh:V241566x:21,144,,,
item_raw_codes,fresh:V241566x:22,126,,,
item_raw_codes,fresh:V241566x:23,182,,,
item_raw_codes,fresh:V241566x:24,139,,,
item_raw_codes,fresh:V241566x:25,139,,,
item_raw_codes,fresh:V241566x:26,154,,,
item_raw_codes,fresh:V241566x:27,226,,,
item_raw_codes,fresh:V241566x:28,189,,,
item_raw_codes,fresh:V241566x:3,66,,,
item_raw_codes,fresh:V241566x:4,23,,,
item_raw_codes,fresh:V241566x:5,56,,,
item_raw_codes,fresh:V241566x:6,21,,,
item_raw_codes,fresh:V241566x:7,66,,,
item_raw_codes,fresh:V241566x:8,35,,,
item_raw_codes,fresh:V241566x:9,63,,,
item_raw_codes,fresh:V242095x:-2,404,,,
item_raw_codes,fresh:V242095x:0,527,,,
item_raw_codes,fresh:V242095x:1,2174,,,
item_raw_codes,fresh:V242096x:-2,985,,,
item_raw_codes,fresh:V242096x:1,1177,,,
item_raw_codes,fresh:V242096x:2,881,,,
item_raw_codes,fresh:V242096x:3,1,,,
item_raw_codes,fresh:V242096x:4,6,,,
item_raw_codes,fresh:V242096x:5,16,,,
item_raw_codes,fresh:V242096x:6,39,,,
item_raw_codes,fresh:V242337:-5,19,,,
item_raw_codes,fresh:V242337:-6,383,,,
item_raw_codes,fresh:V242337:-7,28,,,
item_raw_codes,fresh:V242337:-8,4,,,
item_raw_codes,fresh:V242337:-9,8,,,
item_raw_codes,fresh:V242337:1,265,,,
item_raw_codes,fresh:V242337:2,953,,,
item_raw_codes,fresh:V242337:3,1320,,,
item_raw_codes,fresh:V242337:4,125,,,
item_raw_codes,fresh:V242531:-1,474,,,
item_raw_codes,fresh:V242531:-5,41,,,
item_raw_codes,fresh:V242531:-6,383,,,
item_raw_codes,fresh:V242531:-7,28,,,
item_raw_codes,fresh:V242531:-9,23,,,
item_raw_codes,fresh:V242531:1,151,,,
item_raw_codes,fresh:V242531:2,265,,,
item_raw_codes,fresh:V242531:3,529,,,
item_raw_codes,fresh:V242531:4,389,,,
item_raw_codes,fresh:V242531:5,822,,,
item_raw_codes,fresh:V242532:-1,2334,,,
item_raw_codes,fresh:V242532:-5,41,,,
item_raw_codes,fresh:V242532:-6,383,,,
item_raw_codes,fresh:V242532:-7,28,,,
item_raw_codes,fresh:V242532:-9,6,,,
item_raw_codes,fresh:V242532:1,154,,,
item_raw_codes,fresh:V242532:2,62,,,
item_raw_codes,fresh:V242532:3,47,,,
item_raw_codes,fresh:V242532:4,14,,,
item_raw_codes,fresh:V242532:5,36,,,
item_raw_codes,fresh:V242536:-5,41,,,
item_raw_codes,fresh:V242536:-6,383,,,
item_raw_codes,fresh:V242536:-7,28,,,
item_raw_codes,fresh:V242536:-9,20,,,
item_raw_codes,fresh:V242536:1,916,,,
item_raw_codes,fresh:V242536:2,713,,,
item_raw_codes,fresh:V242536:3,524,,,
item_raw_codes,fresh:V242536:4,246,,,
item_raw_codes,fresh:V242536:5,234,,,
